ID,Gender,Household income,Method,Education,Household size,Rainfall,Ave temp,Travel time,Amount spent,Availability,Quality,Willingness to pay,Kitchen Sink,ToiletWC,Garden,Car,Volume in lpcd
1,female,100000,carried,1,4,0,75,30,330,often,good,380,0,0,0,0,90
2,male,50000,delivered,1,4,0,75,45,165,often,good,210,0,0,0,0,50
3,male,85000,delivered,1,3,0,75,20,450,not_often,good,500,0,0,0,0,120
4,female,80000,delivered,1,5,0,75,45,165,often,fair,210,0,0,0,0,50
5,male,75000,delivered,1,4,0,75,30,285,often,fair,330,0,0,0,0,80
6,male,50000,carried,1,4,0,75,45,330,often,good,380,0,0,0,0,50
7,male,75000,carried,1,4,0,75,30,150,not_often,fair,200,0,0,0,0,80
8,male,75000,carried,1,6,0,75,40,210,not_often,good,260,0,0,0,0,60
9,male,75000,carried,1,6,0,75,45,165,not_often,fair,210,0,0,0,0,50
10,male,75000,carried,1,6,0,75,40,400,often,fair,450,0,0,0,0,60
11,male,75000,carried,1,3,0,75,20,200,not_often,good,250,0,0,0,0,120
12,female,75000,carried,1,6,0,75,40,210,not_often,good,260,0,0,0,0,60
13,male,75000,carried,1,3,0,75,35,285,not_often,fair,330,0,0,0,0,80
14,female,75000,delivered,1,5,0,75,40,165,not_often,fair,210,0,0,0,0,50
15,female,75000,carried,1,4,0,75,60,120,often,fair,170,0,0,0,0,40
16,male,75000,carried,1,4,0,75,30,285,often,fair,330,0,0,0,0,80
17,male,75000,carried,1,3,0,75,35,285,often,fair,330,0,0,0,0,80
18,female,45000,carried,1,5,0,75,40,165,often,fair,210,0,0,0,0,50
19,female,40000,carried,1,4,0,75,60,280,not_often,good,330,0,0,0,0,40
20,male,105000,carried,1,3,0,75,25,450,often,good,500,0,0,0,0,120
21,male,100000,carried,1,6,0,75,40,300,not_often,fair,350,0,0,0,0,60
22,male,105000,delivered,1,6,0,75,35,210,not_often,fair,260,0,0,0,0,60
23,male,50000,delivered,1,4,0,75,45,165,often,fair,210,0,0,0,0,50
24,male,45000,delivered,1,3,0,75,25,285,often,good,330,0,0,0,0,80
25,female,65000,carried,1,5,0,75,45,380,often,fair,430,0,0,0,0,50
26,female,50000,carried,1,3,0,75,25,285,not_often,good,330,0,0,0,0,80
27,female,105000,carried,1,3,0,75,20,450,not_often,good,500,0,0,0,0,120
28,female,40000,carried,1,4,0,75,50,120,not_often,fair,170,0,0,0,0,40
29,female,40000,carried,1,3,0,75,25,200,often,good,250,0,0,0,0,80
30,male,40000,carried,1,4,0,75,60,120,not_often,good,170,0,0,0,0,40
31,male,40000,carried,1,4,0,75,60,360,often,fair,410,0,0,0,0,40
32,male,40000,delivered,1,4,0,75,65,90,often,good,140,0,0,0,0,30
33,female,40000,carried,1,4,0,75,40,210,not_often,good,260,0,0,0,0,60
34,male,40000,delivered,1,3,0,75,30,120,often,good,170,0,0,0,0,90
35,female,40000,delivered,1,4,0,75,50,120,often,fair,170,0,0,0,1,40
36,female,40000,delivered,1,5,0,75,55,280,not_often,good,330,0,0,0,0,40
37,male,40000,carried,1,3,0,75,35,240,not_often,good,290,0,0,0,0,70
38,male,40000,delivered,1,4,0,75,45,165,not_often,fair,210,0,0,0,0,50
39,male,100000,delivered,1,4,0,75,50,120,often,good,170,0,0,0,0,40
40,male,60000,delivered,1,3,0,75,55,300,often,good,350,0,0,0,0,40
41,female,45000,delivered,1,3,0,75,65,120,often,fair,170,0,0,0,0,30
42,female,60000,delivered,1,3,0,75,70,260,not_often,fair,310,0,0,0,0,30
43,female,40000,delivered,1,4,0,75,65,120,often,good,170,0,0,0,0,30
44,female,60000,delivered,1,3,0,75,60,120,not_often,good,170,0,0,0,0,40
45,female,65000,carried,1,4,0,75,40,180,not_often,fair,230,0,0,0,0,60
46,male,100000,carried,1,4,0,75,25,360,not_often,fair,410,0,0,0,0,100
47,male,70000,carried,1,5,0,75,25,285,often,fair,330,0,0,0,0,80
48,female,100000,carried,1,6,0,75,55,240,often,good,290,0,0,0,0,40
49,female,85000,delivered,1,6,0,75,50,120,not_often,fair,170,0,0,0,0,20
50,female,100000,delivered,1,6,0,75,65,300,not_often,fair,350,0,0,0,0,20
51,female,90000,delivered,1,6,0,75,75,120,often,fair,170,0,0,0,0,30
52,female,105000,delivered,1,6,0,75,50,240,often,good,290,0,0,0,0,30
53,female,75000,delivered,1,4,0,75,60,120,often,fair,170,0,0,0,0,40
54,female,75000,delivered,1,4,0,75,75,120,not_often,good,170,0,0,0,0,30
55,female,75000,delivered,1,6,0,75,50,200,not_often,fair,250,0,0,0,0,20
56,female,75000,delivered,1,4,0,75,70,120,not_often,good,170,0,0,0,0,30
57,female,75000,delivered,1,5,0,75,60,310,not_often,fair,360,0,0,0,0,40
58,female,75000,carried,1,3,0,75,35,285,often,fair,330,0,0,0,0,80
59,female,75000,delivered,1,3,0,75,30,330,often,fair,380,0,0,0,0,90
60,female,75000,carried,1,3,0,75,25,280,often,fair,330,0,0,0,0,100
61,female,80000,delivered,1,4,0,75,40,210,often,good,260,0,0,0,0,60
62,female,40000,delivered,1,4,0,75,45,165,not_often,good,210,0,0,0,0,50
63,female,75000,delivered,1,4,0,75,50,165,not_often,very good,210,0,0,0,0,30
64,female,40000,delivered,1,4,0,75,90,100,not_often,very good,150,0,0,0,0,20
65,female,45000,delivered,1,3,0,75,130,165,often,very good,210,0,0,0,0,20
66,female,90000,delivered,1,6,0,75,120,165,often,good,210,0,0,0,0,10
67,female,50000,carried,1,4,0,75,50,200,often,good,250,0,0,0,0,30
68,female,60000,carried,1,3,0,75,75,165,often,good,210,0,0,0,0,30
69,female,60000,delivered,1,4,0,75,70,165,often,good,210,0,0,0,0,30
70,female,60000,delivered,1,6,0,75,120,310,often,good,360,0,0,0,0,10
71,female,60000,delivered,1,4,0,75,120,165,not_often,fair,210,0,0,0,0,10
72,female,60000,delivered,1,5,0,75,130,165,not_often,fair,210,0,0,0,0,20
73,female,60000,delivered,1,3,0,75,60,120,often,fair,170,0,0,0,0,40
74,female,60000,delivered,1,4,0,75,130,280,often,fair,330,0,0,0,0,20
75,female,65000,delivered,1,5,0,75,90,120,often,good,170,0,0,0,0,20
76,female,70000,delivered,1,4,0,75,130,120,not_often,good,170,0,0,0,0,20
77,female,40000,delivered,1,4,0,75,120,300,not_often,fair,350,0,0,0,0,10
78,female,45000,delivered,1,3,0,75,130,120,not_often,good,170,0,0,0,0,20
79,female,95000,delivered,1,6,0,75,120,120,often,fair,170,0,0,0,0,10
80,female,105000,delivered,1,4,0,75,120,120,often,good,170,0,0,0,0,10
81,female,75000,delivered,1,6,0,75,113,180,not_often,good,230,0,0,0,0,10
82,female,60000,delivered,1,3,0,75,130,120,often,fair,170,0,0,0,0,20
83,female,105000,delivered,1,3,0,75,130,120,often,good,170,0,0,0,0,20
84,female,95000,delivered,1,6,0,75,120,220,not_often,fair,270,0,0,0,0,10
85,female,80000,delivered,1,4,0,75,130,120,not_often,fair,170,0,0,0,0,20
86,female,45000,delivered,1,3,0,75,92,120,not_often,fair,170,0,0,0,0,30
87,female,60000,delivered,1,3,0,75,92,180,often,good,230,0,0,0,0,30
88,female,85000,delivered,1,6,0,75,122,120,often,good,170,0,0,0,0,10
89,female,45000,delivered,1,3,0,75,62,190,often,fair,240,0,0,0,0,40
90,female,45000,delivered,1,3,0,75,62,120,not_often,good,170,0,0,0,0,40
91,female,45000,delivered,1,4,0,75,55,165,not_often,good,210,0,0,0,0,50
92,female,45000,delivered,1,4,0,75,62,165,not_often,good,210,0,0,0,0,40
93,female,45000,delivered,1,6,0,75,132,100,not_often,fair,150,0,0,0,0,20
94,female,45000,delivered,1,6,0,75,132,165,often,fair,210,0,0,0,0,20
95,female,45000,delivered,1,6,0,75,135,120,not_often,very good,170,0,0,0,0,20
96,female,45000,delivered,1,3,0,75,62,165,not_often,very good,210,0,0,0,0,40
97,female,45000,delivered,1,4,0,75,92,165,often,very good,210,0,0,0,0,30
98,female,50000,delivered,1,4,0,75,55,200,not_often,fair,250,0,0,0,0,50
99,female,80000,delivered,1,4,0,75,92,165,not_often,fair,210,0,0,0,0,30
100,female,70000,delivered,1,5,0,75,25,285,often,fair,330,0,0,0,0,80
101,female,85000,delivered,1,6,0,75,32,240,often,good,290,0,0,0,0,70
102,female,105000,delivered,1,3,0,75,13,480,often,fair,300,0,0,0,0,130
103,female,40000,delivered,1,4,0,75,42,285,not_often,fair,330,0,0,0,0,80
104,female,65000,delivered,1,5,0,75,62,210,often,fair,260,0,0,0,0,60
105,female,85000,delivered,1,6,0,75,65,165,not_often,fair,210,0,0,0,0,50
106,female,60000,delivered,1,3,0,75,25,405,not_often,good,450,0,0,0,0,110
107,female,75000,delivered,1,4,0,75,25,200,not_often,very good,250,0,0,0,0,80
108,female,55000,delivered,1,5,0,75,25,285,not_often,fair,330,0,0,0,0,80
109,female,95000,delivered,1,6,0,75,42,210,often,good,260,0,0,0,0,60
110,female,75000,delivered,1,4,0,75,32,330,not_often,good,380,0,0,0,0,90
111,female,85000,delivered,1,6,0,75,52,165,not_often,fair,210,0,0,0,0,50
112,female,85000,delivered,1,4,0,75,42,240,not_often,fair,290,0,0,0,0,70
113,female,85000,delivered,1,3,0,75,25,360,not_often,good,410,0,0,0,0,100
114,female,85000,carried,1,4,0,75,25,405,often,good,450,0,0,0,0,110
115,female,85000,delivered,1,5,0,75,22,450,often,fair,500,0,0,0,0,120
116,female,85000,delivered,1,5,0,75,52,210,often,fair,260,0,0,0,0,60
117,female,85000,carried,1,4,0,75,35,220,not_often,good,270,0,0,0,0,100
118,female,85000,carried,1,5,0,75,32,285,not_often,good,330,0,0,0,0,80
119,female,100000,delivered,1,3,0,75,25,180,not_often,good,230,0,0,0,0,100
120,female,80000,delivered,1,6,0,75,52,165,not_often,good,210,0,0,0,0,50
121,male,40000,delivered,1,4,0,75,35,285,often,fair,330,0,0,0,0,80
122,female,50000,delivered,1,4,0,75,25,360,often,fair,410,0,0,0,0,100
123,female,100000,carried,1,3,0,75,13,480,not_often,good,300,0,0,0,0,130
124,female,100000,delivered,1,4,0,75,35,220,often,good,270,0,0,0,0,80
125,female,40000,delivered,1,4,0,75,22,405,not_often,good,450,0,0,0,0,110
126,female,100000,carried,1,3,0,75,13,350,not_often,good,400,0,0,0,0,130
127,female,60000,carried,1,3,0,75,13,480,often,good,300,0,0,0,0,130
128,female,40000,carried,1,4,0,75,22,450,not_often,fair,500,0,0,0,0,120
129,female,95000,carried,1,6,0,75,42,240,often,good,290,0,0,0,0,70
130,female,45000,delivered,1,3,0,75,13,480,not_often,good,300,0,0,0,1,130
131,female,85000,carried,1,4,0,75,25,405,often,good,450,0,0,0,0,110
132,female,60000,delivered,1,3,0,75,22,450,not_often,fair,500,0,0,0,0,120
133,female,75000,delivered,1,4,0,75,15,480,often,good,300,0,0,0,0,130
134,female,80000,carried,1,4,0,75,25,300,not_often,good,350,0,0,0,0,110
135,female,95000,carried,1,6,0,75,42,240,often,fair,290,0,0,0,0,70
136,female,95000,delivered,1,6,0,75,32,330,not_often,good,380,0,0,0,0,90
137,female,95000,carried,1,4,0,75,22,450,not_often,fair,500,0,0,0,0,120
138,female,95000,delivered,1,5,0,75,32,230,often,good,280,0,0,0,0,90
139,female,95000,delivered,1,3,0,75,5,600,not_often,good,450,0,0,0,0,160
140,female,95000,delivered,1,3,0,75,5,480,often,fair,300,0,0,0,0,160
141,female,95000,carried,1,4,0,75,25,360,often,fair,410,0,0,0,0,100
142,female,75000,delivered,1,6,0,75,25,280,often,good,330,0,0,0,0,100
143,female,95000,delivered,1,6,0,75,35,285,often,good,330,0,0,0,0,80
144,female,60000,carried,1,3,0,75,5,720,not_often,good,380,0,0,0,0,190
145,female,75000,carried,1,4,0,75,22,450,not_often,good,500,0,0,0,0,120
146,female,40000,delivered,1,4,0,75,25,180,not_often,good,230,0,0,0,0,100
147,female,65000,delivered,1,5,0,75,35,285,often,good,330,0,0,0,0,80
148,female,85000,carried,1,6,0,75,35,300,not_often,fair,350,0,0,0,0,80
149,female,40000,delivered,1,4,0,75,62,120,not_often,fair,170,0,0,0,0,40
150,female,45000,carried,1,3,0,75,5,645,not_often,good,400,0,0,0,0,170
151,female,65000,delivered,1,5,0,75,35,285,often,good,330,0,0,0,0,80
152,female,40000,delivered,1,4,0,75,32,360,often,fair,410,0,0,0,0,100
153,female,40000,delivered,1,6,0,75,42,210,often,good,260,0,0,0,0,60
154,female,40000,delivered,1,5,0,75,132,380,often,good,430,0,0,0,0,20
155,female,40000,delivered,1,4,0,75,92,210,often,fair,260,0,0,0,0,30
156,female,40000,delivered,1,4,0,75,92,210,not_often,fair,260,0,0,0,0,30
157,female,40000,delivered,1,5,0,75,132,380,not_often,fair,430,0,0,0,0,20
158,female,90000,delivered,1,6,0,75,122,210,often,fair,260,0,0,0,0,10
159,female,105000,delivered,1,6,0,75,113,180,often,fair,230,0,0,0,0,20
160,female,70000,delivered,1,5,0,75,113,210,not_often,fair,260,0,0,0,0,20
161,female,70000,delivered,1,3,0,75,92,210,often,fair,260,0,0,0,0,30
162,female,70000,delivered,1,5,0,75,122,180,often,good,230,0,0,0,0,10
163,female,70000,delivered,1,6,0,75,122,210,not_often,good,260,0,0,0,0,10
164,female,70000,delivered,1,3,0,75,132,370,often,fair,420,0,0,0,0,20
165,female,105000,delivered,1,4,0,75,132,210,often,good,260,0,0,0,0,20
166,female,40000,delivered,1,4,0,75,132,210,often,good,260,0,0,0,0,20
167,female,100000,delivered,1,3,0,75,92,320,not_often,fair,370,0,0,0,0,30
168,female,40000,delivered,1,4,0,75,132,210,not_often,fair,260,0,0,0,0,20
169,female,50000,delivered,1,4,0,75,132,140,not_often,fair,190,0,0,0,0,20
170,female,55000,delivered,1,3,0,75,92,210,often,good,260,0,0,0,0,30
171,female,70000,delivered,1,5,0,75,122,210,not_often,fair,260,0,0,0,0,10
172,female,50000,delivered,1,4,0,75,132,180,often,fair,230,0,0,0,0,20
173,female,80000,delivered,1,4,0,75,132,210,often,good,260,0,0,0,0,20
174,female,80000,delivered,1,5,0,75,132,210,not_often,fair,260,0,0,0,0,10
175,female,80000,delivered,1,6,0,75,122,190,often,fair,240,0,0,0,0,10
176,female,80000,delivered,1,3,0,75,132,210,not_often,good,260,0,0,0,0,20
177,female,80000,delivered,1,4,0,75,120,210,often,good,260,0,0,0,0,20
178,female,80000,delivered,1,4,0,75,120,400,often,fair,450,0,0,0,0,20
179,female,80000,delivered,1,5,0,75,130,210,not_often,good,260,0,0,0,0,10
180,female,80000,delivered,1,3,0,75,50,120,not_often,fair,170,0,0,0,0,40
181,female,80000,delivered,1,4,0,75,90,280,not_often,fair,330,0,0,0,0,30
182,female,50000,delivered,1,4,0,75,90,120,often,good,170,0,0,0,0,30
183,female,60000,delivered,1,3,0,75,90,120,not_often,fair,170,0,0,0,0,30
184,female,50000,delivered,1,4,0,75,55,165,not_often,good,210,0,0,0,0,50
185,female,70000,carried,1,5,0,75,130,380,not_often,good,430,0,0,0,0,20
186,female,95000,carried,1,5,0,75,130,165,not_often,good,210,0,0,0,0,20
187,female,95000,delivered,1,6,0,75,130,120,often,good,170,0,0,0,1,20
188,female,65000,delivered,1,5,0,75,120,165,not_often,good,210,0,0,0,0,20
189,female,45000,delivered,1,3,0,75,20,280,not_often,good,330,0,0,0,0,100
190,female,40000,delivered,1,4,0,75,20,360,not_often,fair,410,0,0,0,0,100
191,female,55000,carried,1,3,0,75,13,450,not_often,fair,500,0,0,0,0,120
192,female,55000,delivered,1,3,0,75,13,450,often,fair,500,0,0,0,0,120
193,female,85000,delivered,1,6,0,75,50,165,often,fair,210,0,0,0,0,50
194,female,90000,delivered,1,5,0,75,40,210,often,fair,260,0,0,0,0,60
195,female,60000,carried,1,3,0,75,13,280,often,good,330,0,0,0,0,130
196,female,100000,carried,1,4,0,75,35,285,not_often,good,330,0,0,0,0,80
197,female,100000,carried,1,6,0,75,40,210,often,good,260,0,0,0,0,60
198,female,40000,delivered,1,4,0,75,30,330,often,good,380,0,0,0,0,90
199,female,50000,delivered,1,3,0,75,13,480,not_often,fair,300,0,0,0,0,130
200,female,75000,delivered,1,4,0,75,30,330,often,good,380,0,0,0,0,90
201,female,95000,delivered,1,6,0,75,40,285,not_often,good,330,0,0,0,0,80
202,female,55000,delivered,1,3,0,75,13,570,often,good,280,0,0,0,0,150
203,female,65000,delivered,1,4,0,75,13,480,not_often,good,300,0,0,0,0,130
204,female,105000,carried,1,3,0,75,5,720,often,fair,380,0,0,0,0,190
205,male,65000,carried,1,5,0,75,20,300,often,good,350,0,0,0,0,110
206,male,60000,delivered,1,3,0,75,13,600,not_often,fair,450,0,0,0,0,160
207,female,75000,carried,1,4,0,75,20,450,often,fair,500,0,0,0,0,120
208,male,105000,carried,1,4,0,75,20,380,often,good,430,0,0,0,0,120
209,female,45000,carried,1,3,0,75,5,765,often,good,280,0,0,0,0,200
210,female,80000,delivered,1,4,0,75,5,525,not_often,fair,480,0,0,0,0,140
211,female,80000,carried,1,4,0,75,5,600,not_often,good,450,0,0,0,0,160
212,female,95000,delivered,1,6,0,75,54,165,not_often,good,210,0,0,0,0,50
213,female,85000,delivered,1,6,0,75,54,270,often,fair,320,0,0,0,0,50
214,female,40000,carried,1,4,0,75,44,240,often,good,290,0,0,0,0,70
215,female,100000,carried,1,4,0,75,34,310,not_often,fair,360,0,0,0,1,100
216,female,95000,carried,1,6,0,75,45,210,not_often,fair,260,0,0,0,0,60
217,female,95000,carried,1,6,0,75,45,380,often,fair,430,0,0,0,0,60
218,female,95000,carried,1,6,0,75,44,285,often,good,330,0,0,0,0,80
219,female,95000,carried,1,4,0,75,13,450,often,fair,500,0,0,0,0,120
220,female,95000,delivered,1,6,0,75,54,165,often,good,210,0,0,0,0,50
221,female,95000,carried,1,4,0,75,44,240,often,fair,290,0,0,0,0,70
222,female,50000,carried,1,4,0,75,25,360,often,fair,410,0,0,0,0,100
223,female,75000,carried,1,4,0,75,13,525,not_often,fair,480,0,0,0,0,140
224,female,80000,delivered,1,4,0,75,35,285,often,good,330,0,0,0,0,80
225,female,75000,delivered,1,4,0,75,5,570,often,good,280,0,0,0,0,150
226,female,80000,delivered,1,4,0,75,34,330,often,fair,380,0,0,0,0,90
227,female,80000,carried,1,6,0,75,54,165,often,fair,210,0,0,0,0,50
228,female,80000,delivered,1,4,0,75,44,300,often,fair,350,0,0,0,0,80
229,female,100000,delivered,1,3,0,75,24,360,not_often,fair,410,0,0,0,0,100
230,female,55000,carried,1,3,0,75,24,360,not_often,fair,410,0,0,0,0,100
231,female,60000,delivered,1,3,0,75,13,480,often,good,300,0,0,0,0,130
232,female,50000,delivered,1,4,0,75,34,330,often,good,380,0,0,0,0,90
233,female,45000,delivered,1,3,0,75,5,690,often,very good,500,0,0,0,0,180
234,female,95000,delivered,1,6,0,75,54,320,not_often,fair,370,0,0,0,0,50
235,male,50000,carried,1,3,0,75,13,480,not_often,fair,300,0,0,0,0,130
236,female,65000,delivered,1,5,0,75,48,210,not_often,good,260,0,0,0,0,60
237,female,90000,delivered,1,6,0,75,84,165,not_often,fair,210,0,0,0,0,50
238,male,90000,delivered,1,6,0,75,64,200,not_often,good,250,0,0,0,0,40
239,female,55000,delivered,1,3,0,75,34,330,often,fair,380,0,0,0,0,90
240,male,105000,delivered,1,3,0,75,38,285,not_often,good,330,0,0,0,0,80
241,female,55000,delivered,1,3,0,75,44,220,not_often,fair,270,0,0,0,0,80
242,female,105000,delivered,1,6,0,75,94,285,not_often,fair,330,0,0,0,0,30
243,female,95000,delivered,1,6,0,75,94,285,not_often,good,330,0,0,0,0,30
244,male,100000,delivered,1,3,0,75,84,270,not_often,good,320,0,0,0,0,50
245,male,90000,delivered,1,6,0,75,134,165,not_often,good,210,0,0,0,0,20
246,female,70000,delivered,1,5,0,75,113,165,often,fair,210,0,0,0,0,20
247,male,100000,delivered,1,2,0,75,84,320,often,good,370,0,0,0,0,50
248,male,60000,delivered,1,3,0,75,64,120,not_often,fair,170,0,0,0,0,40
249,female,100000,delivered,1,4,0,75,134,210,often,fair,260,0,0,0,1,20
250,female,45000,delivered,1,3,0,75,94,120,not_often,good,170,0,0,0,0,30
251,female,70000,delivered,1,6,0,75,124,410,not_often,good,460,0,0,0,0,10
252,male,45000,delivered,1,3,0,75,134,120,often,good,170,0,0,0,0,20
253,male,95000,delivered,1,6,0,75,124,120,not_often,good,170,0,0,0,0,10
254,female,65000,delivered,1,5,0,75,134,120,not_often,fair,170,0,0,0,0,20
255,male,90000,delivered,1,6,0,75,124,120,not_often,good,170,0,0,0,0,10
256,male,90000,delivered,1,6,0,75,124,120,often,good,170,0,0,0,0,10
257,male,90000,delivered,1,4,0,75,134,120,often,good,170,0,0,0,0,20
258,male,90000,delivered,1,6,0,75,124,120,not_often,good,170,0,0,0,0,10
259,female,90000,delivered,1,5,0,75,124,120,often,good,170,0,0,0,0,10
260,male,90000,delivered,1,6,0,75,134,120,often,good,170,0,0,0,0,10
261,male,70000,delivered,1,5,0,75,94,90,not_often,fair,140,0,0,0,0,30
262,female,60000,delivered,1,5,0,75,134,90,often,good,140,0,0,0,0,20
263,male,65000,delivered,1,5,0,75,134,90,not_often,good,140,0,0,0,0,20
264,male,80000,delivered,1,4,0,75,134,90,often,good,140,0,0,0,0,20
265,male,55000,delivered,1,3,0,75,134,90,often,fair,140,0,0,0,0,20
266,male,80000,delivered,1,4,0,75,134,90,not_often,very good,140,0,0,0,0,20
267,female,80000,delivered,1,6,0,75,134,90,not_often,fair,140,0,0,0,0,10
268,male,80000,delivered,1,3,0,75,134,90,not_often,good,140,0,0,0,0,20
269,female,80000,delivered,1,3,0,75,84,120,not_often,fair,170,0,0,0,0,40
270,female,80000,delivered,1,4,0,75,94,120,not_often,good,170,0,0,0,0,30
271,female,65000,delivered,1,5,0,75,94,120,not_often,fair,170,0,0,0,0,30
272,male,45000,delivered,1,3,0,75,84,165,not_often,good,210,0,0,0,0,50
273,male,50000,delivered,1,4,0,75,84,165,often,good,210,0,0,0,0,50
274,female,40000,delivered,1,4,0,75,88,165,not_often,good,210,0,0,0,0,50
275,male,85000,delivered,1,6,0,75,94,165,not_often,fair,210,0,0,0,0,30
276,female,105000,delivered,1,6,0,75,94,165,often,fair,210,0,0,0,1,30
277,female,75000,delivered,1,4,0,75,84,120,often,fair,170,0,0,0,0,40
278,male,85000,delivered,1,6,0,75,134,120,not_often,good,170,0,0,0,0,20
279,female,65000,delivered,1,5,0,75,134,120,often,good,170,0,0,0,0,20
280,female,70000,delivered,1,5,0,75,134,120,often,good,170,0,0,0,0,20
281,female,55000,delivered,1,3,0,75,84,120,often,good,170,0,0,0,0,40
282,female,55000,delivered,1,4,0,75,88,120,not_often,fair,170,0,0,0,0,40
283,female,55000,delivered,1,3,0,75,88,165,often,fair,210,0,0,0,0,50
284,male,55000,delivered,1,6,0,75,98,165,not_often,fair,210,0,0,0,0,30
285,male,55000,delivered,1,4,0,75,98,165,often,fair,210,0,0,0,0,30
286,female,55000,delivered,1,6,0,75,98,165,not_often,fair,210,0,0,0,0,30
287,female,55000,delivered,1,6,0,75,74,210,not_often,good,260,0,0,0,0,60
288,male,70000,delivered,1,5,0,75,64,240,often,fair,290,0,0,0,0,70
289,male,100000,delivered,1,3,0,75,13,480,often,fair,300,0,0,0,0,130
290,female,40000,delivered,1,4,0,75,8,570,not_often,fair,280,0,0,0,0,150
291,female,60000,delivered,1,3,0,75,13,450,not_often,good,500,0,0,0,0,120
292,female,75000,delivered,1,4,0,75,34,330,often,good,380,0,0,0,0,90
293,female,90000,delivered,1,6,0,75,84,165,often,good,210,0,0,0,0,50
294,female,60000,delivered,1,3,0,75,8,480,not_often,good,300,0,0,0,0,130
295,female,105000,delivered,1,6,0,75,94,480,not_often,good,300,0,0,0,0,30
296,female,40000,delivered,1,4,0,75,94,480,not_often,fair,300,0,0,0,0,30
297,female,85000,delivered,1,6,0,75,98,480,often,very good,300,0,0,0,0,30
298,female,45000,delivered,1,3,0,75,74,210,not_often,good,260,0,0,0,0,60
299,female,65000,delivered,1,4,0,75,94,210,not_often,good,260,0,0,0,0,30
300,female,45000,delivered,1,3,0,75,74,210,often,good,260,0,0,0,0,60
301,female,100000,delivered,1,4,0,75,84,165,not_often,good,210,0,0,0,0,50
302,female,100000,delivered,1,5,0,75,44,210,not_often,fair,260,0,0,0,0,60
303,female,100000,delivered,1,3,0,75,24,360,not_often,good,410,0,0,0,0,100
304,female,100000,delivered,1,4,0,75,64,240,often,good,290,0,0,0,0,70
305,female,100000,delivered,1,4,0,75,64,240,not_often,good,290,0,0,0,0,70
306,female,100000,delivered,1,6,0,75,74,210,not_often,good,260,0,0,0,0,60
307,female,100000,delivered,1,3,0,75,8,525,often,fair,480,0,0,0,0,140
308,female,70000,delivered,1,5,0,75,28,330,often,fair,380,0,0,0,0,90
309,female,65000,delivered,1,5,0,75,28,285,not_often,good,330,0,0,0,0,80
310,female,105000,delivered,1,4,0,75,28,360,often,fair,410,0,0,0,0,100
311,female,100000,carried,1,3,0,75,13,450,not_often,fair,500,0,0,0,0,120
312,female,65000,delivered,1,5,0,75,13,450,often,fair,500,0,0,0,0,120
313,female,70000,carried,1,5,0,75,44,240,often,good,290,0,0,0,0,70
314,female,90000,delivered,1,6,0,75,48,210,not_often,fair,260,0,0,0,0,60
315,male,70000,delivered,1,5,0,75,84,120,often,fair,170,0,0,0,0,40
316,female,90000,delivered,1,6,0,75,44,240,often,fair,290,0,0,0,0,70
317,male,45000,carried,1,3,0,75,8,765,not_often,good,280,0,0,0,0,200
318,female,60000,carried,1,3,0,75,13,450,not_often,fair,500,0,0,0,0,120
319,female,40000,delivered,1,4,0,75,13,405,often,good,450,0,0,0,0,110
320,male,40000,delivered,1,4,0,75,13,405,often,fair,450,0,0,0,0,110
321,male,105000,delivered,1,3,0,75,8,525,often,fair,480,0,0,0,0,140
322,male,100000,delivered,1,2,0,75,8,840,often,fair,550,0,0,0,0,220
323,female,100000,delivered,1,6,0,75,24,360,not_often,fair,410,0,0,0,0,100
324,female,100000,delivered,1,3,0,75,8,525,often,good,480,0,0,0,0,140
325,male,100000,delivered,1,3,0,75,84,210,often,good,260,0,0,0,0,60
326,male,100000,delivered,1,6,0,75,94,210,often,good,260,0,0,0,0,30
327,male,100000,delivered,1,5,0,75,98,210,often,fair,260,0,0,0,0,30
328,female,100000,delivered,1,4,0,75,134,210,not_often,fair,260,0,0,0,0,30
329,female,45000,delivered,1,6,0,75,134,210,not_often,fair,260,0,0,0,0,20
330,female,60000,carried,1,3,0,75,84,210,not_often,good,260,0,0,0,0,60
331,female,80000,delivered,1,4,0,75,74,120,not_often,good,170,0,0,0,0,40
332,male,105000,carried,1,4,0,75,84,120,not_often,fair,170,0,0,0,0,40
333,female,70000,delivered,1,5,0,75,134,120,often,good,170,0,0,0,0,20
334,male,75000,delivered,1,4,0,75,84,120,often,fair,170,0,0,0,0,40
335,male,75000,carried,1,4,0,75,84,120,often,fair,170,0,0,0,0,40
336,male,75000,delivered,1,4,0,75,34,330,often,good,380,0,0,0,0,90
337,male,60000,carried,1,3,0,75,13,450,not_often,good,500,0,0,0,0,120
338,female,65000,carried,1,5,0,75,34,285,not_often,good,330,0,0,0,0,80
339,male,50000,delivered,1,4,0,75,13,405,not_often,fair,450,0,0,0,0,110
340,male,50000,carried,1,5,0,75,34,285,often,good,330,0,0,0,0,80
341,male,50000,delivered,1,3,0,75,13,450,often,fair,500,0,0,0,0,120
342,female,50000,carried,1,4,0,75,44,285,not_often,good,330,0,0,0,0,80
343,female,50000,carried,1,6,0,75,84,165,not_often,fair,210,0,0,0,0,50
344,male,50000,carried,1,5,0,75,44,240,not_often,fair,290,0,0,0,0,70
345,male,50000,delivered,1,3,0,75,8,525,often,good,480,0,0,0,0,140
346,female,50000,carried,1,4,0,75,34,330,often,good,380,0,0,0,0,90
347,male,50000,carried,1,5,0,75,44,240,not_often,good,290,0,0,0,0,70
348,female,70000,delivered,1,4,0,75,24,360,often,good,410,0,0,0,0,100
349,male,75000,carried,1,4,0,75,24,360,often,good,410,0,0,0,0,100
350,female,90000,delivered,1,6,0,75,44,240,not_often,fair,290,0,0,0,0,70
351,male,70000,delivered,1,5,0,75,44,285,not_often,fair,330,0,0,0,0,80
352,male,75000,carried,1,4,0,75,34,330,often,fair,380,0,0,0,0,90
353,female,100000,delivered,1,3,0,75,64,120,not_often,good,170,0,0,0,0,40
354,female,70000,delivered,1,5,0,75,134,120,often,fair,170,0,0,0,0,20
355,male,80000,delivered,1,6,0,75,134,120,not_often,good,170,0,0,0,0,20
356,male,95000,delivered,1,6,0,75,134,120,not_often,good,170,0,0,0,0,20
357,male,90000,delivered,1,6,0,75,134,120,often,fair,170,0,0,0,0,10
358,female,40000,delivered,1,4,0,75,94,120,often,fair,170,0,0,0,0,30
359,male,55000,delivered,1,3,0,75,84,120,often,good,170,0,0,0,0,40
360,male,100000,delivered,1,3,0,75,94,90,not_often,good,140,0,0,0,0,30
361,female,85000,delivered,1,6,0,75,134,90,not_often,fair,140,0,0,0,0,20
362,male,105000,delivered,1,6,0,75,124,90,not_often,fair,140,0,0,0,0,10
363,female,100000,delivered,1,6,0,75,124,90,not_often,fair,140,0,0,0,0,10
364,female,100000,delivered,1,5,0,75,134,90,often,very good,140,0,0,0,0,20
365,female,100000,delivered,1,6,0,75,134,90,not_often,good,140,0,0,0,0,10
366,female,100000,delivered,1,3,0,75,124,90,not_often,good,140,0,0,0,0,20
367,female,100000,delivered,1,5,0,75,144,90,often,good,140,0,0,0,0,10
368,female,100000,delivered,1,6,0,75,134,90,often,good,140,0,0,0,0,10
369,female,80000,delivered,1,5,0,75,144,90,not_often,good,140,0,0,0,0,10
370,male,65000,carried,1,5,0,75,134,90,not_often,fair,140,0,0,0,0,20
371,female,80000,delivered,1,4,0,75,34,330,often,good,380,0,0,0,0,90
372,female,60000,carried,1,3,0,75,84,120,often,good,170,0,0,0,0,40
373,female,60000,carried,1,3,0,75,18,405,often,fair,450,0,0,0,0,110
374,female,60000,carried,1,4,0,75,28,330,often,good,380,0,0,0,0,90
375,female,60000,carried,1,4,0,75,28,330,not_often,very good,380,0,0,0,0,90
376,female,70000,carried,1,5,0,75,24,360,often,fair,410,0,0,0,0,100
377,female,50000,carried,1,4,0,75,13,480,not_often,fair,300,0,0,0,0,130
378,male,80000,carried,1,4,0,75,24,360,not_often,good,410,0,0,0,0,100
379,female,40000,carried,1,4,0,75,34,330,not_often,fair,380,0,0,0,0,90
380,male,100000,carried,1,4,0,75,38,330,often,good,380,0,0,0,1,90
381,male,70000,carried,1,5,0,75,48,240,not_often,fair,290,0,0,0,0,70
382,female,70000,carried,1,4,0,75,13,450,not_often,fair,500,0,0,0,0,120
383,female,85000,carried,1,6,0,75,44,285,often,fair,330,0,0,0,0,80
384,female,70000,carried,1,5,0,75,34,330,not_often,good,380,0,0,0,0,90
385,female,95000,carried,1,6,0,75,44,285,not_often,fair,330,0,0,0,0,80
386,male,65000,carried,1,5,0,75,24,360,not_often,good,410,0,0,0,0,100
387,male,65000,carried,1,3,0,75,8,645,often,good,400,0,0,0,0,170
388,female,65000,carried,1,6,0,75,28,285,not_often,good,330,0,0,0,0,80
389,female,65000,carried,1,6,0,75,28,285,not_often,fair,330,0,0,0,0,80
390,female,65000,carried,1,4,0,75,13,450,not_often,fair,500,0,0,0,0,120
391,male,75000,carried,1,4,0,75,13,480,not_often,good,300,0,0,0,0,130
392,male,70000,carried,1,5,0,75,13,450,not_often,fair,500,0,0,0,0,120
393,female,105000,carried,1,6,0,75,24,360,not_often,fair,410,0,0,0,0,100
394,female,60000,carried,1,3,0,75,13,645,often,fair,400,0,0,0,0,170
395,female,90000,carried,1,6,0,75,44,285,not_often,fair,330,0,0,0,0,80
396,male,80000,carried,1,4,0,75,13,480,not_often,fair,300,0,0,0,0,130
397,female,60000,carried,1,4,0,75,13,480,often,good,300,0,0,0,0,130
398,male,95000,carried,1,6,0,75,44,285,not_often,good,330,0,0,0,0,80
399,female,60000,carried,1,3,0,75,8,570,not_often,good,280,0,0,0,0,150
400,female,65000,carried,1,5,0,75,34,330,not_often,fair,380,0,0,0,0,90
401,male,95000,carried,1,6,0,75,48,240,often,fair,290,0,0,0,0,70
402,male,60000,carried,1,3,0,75,8,645,not_often,good,400,0,0,0,0,170
403,female,95000,carried,1,6,0,75,48,240,often,fair,290,0,0,0,0,70
404,male,100000,carried,1,3,0,75,8,570,not_often,good,280,0,0,0,0,150
405,male,60000,carried,1,3,0,75,8,570,often,good,280,0,0,0,0,150
406,female,50000,carried,1,4,0,75,13,480,not_often,fair,300,0,0,0,0,130
407,female,100000,carried,1,2,0,75,8,480,not_often,fair,300,0,0,0,0,260
408,female,50000,carried,1,4,0,75,8,480,not_often,fair,300,0,0,0,0,130
409,male,100000,carried,1,4,0,75,13,480,not_often,fair,300,0,0,0,0,130
410,male,75000,carried,1,4,0,75,13,405,often,fair,450,0,0,0,0,110
411,female,80000,carried,1,6,0,75,48,240,often,fair,290,0,0,0,0,70
412,female,50000,delivered,1,4,0,75,13,405,not_often,good,450,0,0,0,0,110
413,female,100000,delivered,1,3,0,75,13,525,often,good,480,0,0,0,0,140
414,male,40000,delivered,1,4,0,75,24,360,often,good,410,0,0,0,0,100
415,female,65000,delivered,1,5,0,75,34,330,not_often,good,380,0,0,0,0,90
416,female,50000,delivered,1,4,0,75,24,405,often,fair,450,0,0,0,0,110
417,female,90000,delivered,1,6,0,75,88,210,often,good,260,0,0,0,0,60
418,female,40000,delivered,1,4,0,75,20,405,often,fair,450,0,0,0,0,110
419,female,50000,delivered,1,4,0,75,30,330,not_often,good,380,0,0,0,0,90
420,female,50000,delivered,1,4,0,75,20,405,often,fair,450,0,0,0,0,110
421,male,50000,delivered,1,4,0,75,20,360,often,fair,410,0,0,0,0,100
422,female,50000,delivered,1,5,0,75,88,210,not_often,good,260,0,0,0,0,60
423,male,50000,delivered,1,6,0,75,80,165,often,good,210,0,0,0,0,50
424,male,50000,delivered,1,4,0,75,30,330,often,fair,380,0,0,0,0,90
425,female,95000,delivered,1,6,0,75,88,210,often,good,260,0,0,0,0,60
426,female,65000,delivered,1,5,0,75,40,240,often,fair,290,0,0,0,0,70
427,female,95000,delivered,1,6,0,75,88,210,often,good,260,0,0,0,0,60
428,male,100000,delivered,1,6,0,75,88,210,not_often,good,260,0,0,0,0,60
429,male,100000,delivered,1,3,0,75,13,480,often,good,300,0,0,0,0,130
430,male,100000,delivered,1,4,0,75,20,360,often,good,410,0,0,0,0,100
431,male,100000,delivered,1,3,0,75,13,450,often,fair,500,0,0,0,0,120
432,male,100000,delivered,1,4,0,75,30,330,often,good,380,0,0,0,0,90
433,female,60000,delivered,1,3,0,75,13,450,not_often,fair,500,0,0,0,0,120
434,male,70000,delivered,1,5,0,75,40,240,not_often,fair,290,0,0,0,0,70
435,female,70000,delivered,1,5,0,75,38,240,often,very good,290,0,0,0,0,70
436,female,90000,delivered,1,6,0,75,88,210,not_often,fair,260,0,0,0,0,60
437,female,95000,delivered,1,6,0,75,40,240,often,good,290,0,0,0,0,70
438,female,105000,delivered,1,4,0,75,20,405,often,fair,450,0,0,0,0,110
439,male,55000,delivered,1,3,0,75,40,450,often,fair,500,0,0,0,0,120
440,male,55000,delivered,1,3,0,75,13,450,not_often,good,500,0,0,0,0,120
441,female,90000,delivered,1,6,0,75,40,240,not_often,good,290,0,0,0,0,70
442,female,45000,delivered,1,3,0,75,13,525,not_often,fair,480,0,0,0,0,140
443,male,100000,delivered,1,4,0,75,13,525,not_often,good,480,0,0,0,0,140
444,female,60000,delivered,1,3,0,75,20,405,not_often,good,450,0,0,0,0,110
445,female,80000,delivered,1,6,0,75,30,330,not_often,good,380,0,0,0,0,90
446,female,85000,delivered,1,6,0,75,20,360,not_often,good,410,0,0,0,0,100
447,female,85000,carried,1,4,0,75,8,600,often,good,450,0,0,0,0,160
448,male,85000,delivered,1,6,0,75,20,360,not_often,fair,410,0,0,0,0,100
449,male,85000,delivered,1,3,0,75,8,690,not_often,fair,500,0,0,0,0,180
450,female,85000,delivered,1,4,0,75,20,405,often,fair,450,0,0,0,0,110
451,male,40000,delivered,1,4,0,75,20,405,not_often,good,450,0,0,0,0,110
452,female,40000,well,1,4,0,75,20,405,often,poor,450,0,0,0,0,110
453,female,60000,delivered,1,3,0,75,8,525,often,fair,480,0,0,0,0,140
454,male,55000,delivered,1,3,0,75,8,600,often,fair,450,0,0,0,0,160
455,female,95000,delivered,1,6,0,75,40,285,not_often,fair,330,0,0,0,0,80
456,female,95000,delivered,1,6,0,75,30,330,not_often,fair,380,0,0,0,0,90
457,female,95000,delivered,1,4,0,75,13,480,often,fair,300,0,0,0,0,130
458,female,95000,delivered,1,4,0,75,8,525,not_often,good,480,0,0,0,0,140
459,male,95000,delivered,1,3,0,75,8,645,not_often,fair,400,0,0,0,0,170
460,male,95000,delivered,1,4,0,75,8,480,not_often,fair,300,0,0,0,0,130
461,female,95000,delivered,1,3,0,75,8,765,not_often,fair,280,0,0,0,0,200
462,female,90000,delivered,1,6,0,75,20,360,often,good,410,0,0,0,0,100
463,male,45000,carried,1,3,0,75,8,810,not_often,fair,550,0,0,0,0,210
464,male,85000,delivered,1,6,0,75,40,285,often,good,330,0,0,0,0,80
465,male,105000,delivered,1,4,0,75,8,525,not_often,fair,480,0,0,0,0,140
466,male,105000,delivered,1,3,0,75,8,765,not_often,good,280,0,0,0,0,200
467,male,95000,carried,1,6,0,75,20,405,not_often,fair,450,0,0,0,0,110
468,female,65000,carried,1,5,0,75,13,480,often,good,300,0,0,0,0,130
469,female,65000,delivered,1,5,0,75,13,480,often,good,300,0,0,0,0,130
470,female,50000,delivered,1,4,0,75,8,645,often,fair,400,0,0,0,0,170
471,male,70000,delivered,1,5,0,75,20,360,often,fair,410,0,0,0,0,100
472,female,80000,delivered,1,4,0,75,13,450,often,fair,500,0,0,0,0,120
473,female,85000,delivered,1,4,0,75,13,450,not_often,fair,500,0,0,0,0,120
474,female,95000,delivered,1,6,0,75,30,330,often,fair,380,0,0,0,0,90
475,female,75000,delivered,1,4,0,75,13,450,not_often,fair,500,0,0,0,0,120
476,male,50000,delivered,1,4,0,75,13,450,not_often,good,500,0,0,0,0,120
477,male,80000,delivered,1,4,0,75,13,405,often,fair,450,0,0,0,0,110
478,male,45000,delivered,1,3,0,75,20,360,often,fair,410,0,0,0,0,100
479,female,80000,delivered,1,4,0,75,38,285,not_often,fair,330,0,0,0,0,80
480,male,85000,delivered,1,6,0,75,80,165,not_often,fair,210,0,0,0,0,50
481,female,100000,delivered,1,4,0,75,40,240,not_often,fair,290,0,0,0,0,70
482,male,105000,delivered,1,3,0,75,40,240,often,good,290,0,0,0,0,70
483,female,60000,delivered,1,3,0,75,88,210,not_often,good,260,0,0,0,0,60
484,male,105000,delivered,1,6,0,75,70,120,not_often,good,170,0,0,0,0,40
485,male,40000,delivered,1,4,0,75,40,240,not_often,fair,290,0,0,0,0,70
486,female,55000,delivered,1,3,0,75,88,210,often,fair,260,0,0,0,0,60
487,male,55000,delivered,1,4,0,75,40,285,often,fair,330,0,0,0,0,80
488,female,55000,delivered,1,5,0,75,88,210,often,good,260,0,0,0,0,60
489,male,55000,delivered,1,4,0,75,48,240,not_often,fair,290,0,0,0,0,70
490,male,55000,delivered,1,6,0,75,48,240,often,good,290,0,0,0,0,70
491,female,55000,delivered,1,6,0,75,40,285,not_often,fair,330,0,0,0,0,80
492,male,55000,delivered,1,6,0,75,80,165,often,good,210,0,0,0,0,50
493,male,75000,delivered,1,4,0,75,38,285,not_often,good,330,0,0,0,0,80
494,female,55000,delivered,1,3,0,75,20,360,often,good,410,0,0,0,0,100
495,female,85000,delivered,1,6,0,75,80,165,not_often,good,210,0,0,0,0,50
496,female,90000,delivered,1,6,0,75,42,285,not_often,fair,330,0,0,0,0,80
497,female,90000,delivered,1,6,0,75,42,285,not_often,good,330,0,0,0,0,80
498,male,90000,delivered,1,4,0,75,8,480,not_often,good,300,0,0,0,0,130
499,female,90000,carried,1,4,0,75,8,525,often,fair,480,0,0,0,0,140
500,female,90000,carried,1,6,0,75,22,360,not_often,very good,410,0,0,0,0,100
501,female,105000,carried,1,4,0,75,8,570,often,good,280,0,0,0,0,150
502,female,80000,delivered,1,6,0,75,48,240,often,good,290,0,0,0,0,70
503,male,60000,delivered,1,3,0,75,22,360,not_often,good,410,0,0,0,0,100
504,female,100000,delivered,1,3,0,75,8,600,not_often,fair,450,0,0,0,0,160
505,female,100000,delivered,1,4,0,75,8,480,not_often,fair,300,0,0,0,0,130
506,female,50000,delivered,1,4,0,75,8,480,often,good,300,0,0,0,0,130
507,female,70000,delivered,1,5,0,75,22,360,not_often,good,410,0,0,0,0,100
508,female,55000,delivered,1,3,0,75,8,600,often,fair,450,0,0,0,0,160
509,female,55000,delivered,1,5,0,75,22,360,often,good,410,0,0,0,0,100
510,female,80000,delivered,1,4,0,75,6,480,not_often,fair,300,0,0,0,0,130
511,female,90000,delivered,1,6,0,75,38,285,not_often,fair,330,0,0,0,0,80
512,female,75000,delivered,1,4,0,75,13,480,not_often,fair,300,0,0,0,0,130
513,female,75000,delivered,1,4,0,75,13,450,not_often,good,500,0,0,0,0,120
514,female,95000,carried,1,4,0,75,8,525,not_often,fair,480,0,0,0,0,140
515,male,55000,delivered,1,3,0,75,8,690,not_often,good,500,0,0,0,0,180
516,female,85000,delivered,1,6,0,75,38,285,often,good,330,0,0,0,0,80
517,male,70000,delivered,1,5,0,75,8,480,not_often,good,300,0,0,0,0,130
518,male,70000,delivered,1,5,0,75,22,360,not_often,good,410,0,0,0,0,100
519,female,90000,carried,1,6,0,75,38,285,not_often,fair,330,0,0,0,0,80
520,female,50000,delivered,1,3,0,75,6,600,not_often,fair,450,0,0,0,0,160
521,female,55000,delivered,1,4,0,75,6,570,not_often,fair,280,0,0,0,0,150
522,female,95000,delivered,1,6,0,75,38,285,not_often,good,330,0,0,0,0,80
523,male,80000,delivered,1,4,0,75,13,450,often,good,500,0,0,0,0,120
524,male,95000,carried,1,6,0,75,48,240,often,good,290,0,0,0,0,70
525,female,55000,delivered,1,3,0,75,8,720,often,good,380,0,0,0,0,190
526,female,40000,delivered,1,4,0,75,13,450,often,good,500,0,0,0,0,120
527,male,105000,carried,1,6,0,75,48,240,often,good,290,0,0,0,0,70
528,male,90000,carried,1,6,0,75,42,285,often,fair,330,0,0,0,0,80
529,male,40000,delivered,1,4,0,75,8,570,not_often,fair,280,0,0,0,0,150
530,female,100000,delivered,1,6,0,75,13,405,not_often,good,450,0,0,0,0,110
531,male,65000,delivered,1,5,0,75,32,330,not_often,good,380,0,0,0,0,90
532,female,65000,delivered,1,5,0,75,13,450,often,fair,500,0,0,0,0,120
533,female,65000,delivered,1,3,0,75,8,765,often,good,280,0,0,0,0,200
534,female,65000,delivered,1,4,0,75,13,405,often,very good,450,0,0,0,0,110
535,female,65000,delivered,1,6,0,75,38,240,often,fair,290,0,0,0,0,70
536,male,80000,delivered,1,4,0,75,22,360,not_often,good,410,0,0,0,0,100
537,male,90000,delivered,1,6,0,75,38,285,not_often,good,330,0,0,0,0,80
538,male,95000,carried,1,6,0,75,42,240,often,fair,290,0,0,0,0,70
539,female,100000,delivered,1,4,0,75,13,450,not_often,fair,500,0,0,0,0,120
540,male,95000,delivered,1,6,0,75,22,360,often,good,410,0,0,0,0,100
541,male,95000,delivered,1,3,0,75,8,600,not_often,fair,450,0,0,0,0,160
542,female,95000,delivered,1,4,0,75,13,450,not_often,good,500,0,0,0,0,120
543,male,95000,delivered,1,4,0,75,13,450,often,fair,500,0,0,0,0,120
544,female,100000,delivered,1,4,0,75,22,405,often,good,450,0,0,0,0,110
545,male,40000,delivered,1,4,0,75,22,360,not_often,fair,410,0,0,0,0,100
546,female,60000,delivered,1,3,0,75,8,600,often,fair,450,0,0,0,0,160
547,male,50000,delivered,1,4,0,75,13,450,not_often,good,500,0,0,0,0,120
548,female,50000,delivered,1,4,0,75,38,285,often,good,330,0,0,0,0,80
549,female,90000,delivered,1,6,0,75,88,165,often,good,210,0,0,0,0,50
550,male,55000,delivered,1,3,0,75,22,360,often,good,410,0,0,0,0,100
551,male,55000,delivered,1,3,0,75,22,360,often,fair,410,0,0,0,0,100
552,male,55000,delivered,1,5,0,75,42,285,often,fair,330,0,0,0,0,80
553,male,55000,delivered,1,6,0,75,88,210,not_often,good,260,0,0,0,0,60
554,male,55000,delivered,1,4,0,75,13,450,not_often,good,500,0,0,0,0,120
555,male,55000,delivered,1,3,0,75,8,600,not_often,good,450,0,0,0,0,160
556,male,55000,delivered,1,4,0,75,22,360,not_often,good,410,0,0,0,0,100
557,male,55000,delivered,1,4,0,75,22,360,not_often,fair,410,0,0,0,0,100
558,female,60000,delivered,1,3,0,75,42,285,often,good,330,0,0,0,0,80
559,male,85000,delivered,1,6,0,75,82,165,often,good,210,0,0,0,0,50
560,male,90000,delivered,1,6,0,75,92,90,not_often,good,140,0,0,0,0,30
561,female,100000,delivered,1,4,0,75,82,165,not_often,good,210,0,0,0,0,50
562,female,55000,delivered,1,3,0,75,8,765,often,fair,280,0,0,0,0,200
563,female,65000,carried,1,5,0,75,22,405,not_often,fair,450,0,0,0,0,110
564,male,85000,carried,1,3,0,75,13,600,often,good,450,0,0,0,0,160
565,male,105000,carried,1,4,0,75,8,570,often,fair,280,0,0,0,0,150
566,female,75000,delivered,1,4,0,75,8,570,often,good,280,0,0,0,0,150
567,male,90000,delivered,1,6,0,75,38,285,often,good,330,0,0,0,0,80
568,female,55000,delivered,1,3,0,75,38,285,often,fair,330,0,0,0,0,80
569,female,70000,delivered,1,5,0,75,82,120,often,good,170,0,0,0,0,40
570,male,70000,delivered,1,5,0,75,82,120,not_often,good,170,0,0,0,0,40
571,female,40000,delivered,1,4,0,75,42,285,often,fair,330,0,0,0,0,80
572,male,55000,delivered,1,4,0,75,42,285,often,good,330,0,0,0,0,80
573,male,70000,delivered,1,5,0,75,82,120,not_often,fair,170,0,0,0,0,40
574,male,80000,delivered,1,4,0,75,82,210,often,fair,260,0,0,0,0,60
575,male,75000,delivered,1,4,0,75,13,450,not_often,fair,500,0,0,0,0,120
576,female,105000,delivered,1,4,0,75,22,405,not_often,good,450,0,0,0,0,110
577,male,80000,delivered,1,4,0,75,22,405,not_often,good,450,0,0,0,0,110
578,female,95000,delivered,1,5,0,75,38,285,not_often,fair,330,0,0,0,0,80
579,male,70000,delivered,1,5,0,75,82,165,not_often,good,210,0,0,0,0,50
580,female,50000,delivered,1,4,0,75,42,210,not_often,good,260,0,0,0,0,60
581,female,65000,carried,1,5,0,75,22,360,not_often,poor,410,0,0,0,0,100
582,female,95000,delivered,1,6,0,75,42,285,not_often,good,330,0,0,0,0,80
583,female,90000,delivered,1,6,0,75,48,240,often,fair,290,0,0,0,0,70
584,male,95000,carried,1,3,0,75,8,765,not_often,good,280,0,0,0,0,200
585,female,45000,delivered,1,3,0,75,8,720,often,good,380,0,0,0,0,190
586,male,60000,delivered,1,3,0,75,8,600,often,fair,450,0,0,0,0,160
587,female,80000,delivered,1,4,0,75,13,450,not_often,fair,500,0,0,0,0,120
588,female,85000,delivered,1,6,0,75,42,240,not_often,good,290,0,0,0,0,70
589,female,60000,delivered,1,3,0,75,8,570,not_often,fair,280,0,0,0,0,150
590,female,85000,delivered,1,3,0,75,22,360,not_often,fair,410,0,0,0,0,100
591,female,60000,delivered,1,3,0,75,42,285,often,fair,330,0,0,0,0,80
592,male,60000,delivered,1,3,0,75,42,285,not_often,good,330,0,0,0,0,80
593,male,60000,delivered,1,3,0,75,62,210,not_often,fair,260,0,0,0,0,60
594,male,60000,delivered,1,5,0,75,92,90,often,fair,140,0,0,0,0,30
595,female,60000,delivered,1,4,0,75,82,165,often,fair,210,0,0,0,0,50
596,male,60000,delivered,1,5,0,75,72,120,often,good,170,0,0,0,0,40
597,male,60000,delivered,1,5,0,75,82,165,not_often,good,210,0,0,0,0,50
598,male,60000,delivered,1,4,0,75,48,240,often,good,290,0,0,0,0,70
599,male,65000,delivered,1,5,0,75,42,285,often,fair,330,0,0,0,0,80
600,female,65000,carried,1,5,0,75,22,360,not_often,fair,410,0,0,0,0,100
601,male,95000,delivered,1,6,0,75,48,240,not_often,good,290,0,0,0,0,70
602,male,95000,delivered,1,6,0,75,82,120,often,fair,170,0,0,0,0,40
603,female,95000,delivered,1,6,0,75,82,120,not_often,good,170,0,0,0,0,40
604,male,70000,delivered,1,5,0,75,42,285,often,fair,330,0,0,0,0,80
605,male,70000,delivered,1,4,0,75,62,210,often,good,260,0,0,0,0,60
606,female,65000,delivered,1,5,0,75,82,165,not_often,fair,210,0,0,0,0,50
607,female,90000,delivered,1,6,0,75,72,120,not_often,fair,170,0,0,0,0,40
608,male,90000,delivered,1,6,0,75,82,120,not_often,good,170,0,0,0,0,40
609,female,40000,delivered,1,4,0,75,82,165,often,fair,210,0,0,0,0,50
610,female,105000,delivered,1,4,0,75,82,165,often,good,210,0,0,0,0,50
611,female,40000,delivered,1,4,0,75,82,120,often,fair,170,0,0,0,0,40
612,male,80000,delivered,1,4,0,75,72,120,not_often,fair,170,0,0,0,0,40
613,female,95000,delivered,1,3,0,75,48,210,often,fair,260,0,0,0,0,60
614,male,50000,delivered,1,4,0,75,82,165,often,fair,210,0,0,0,0,50
615,male,45000,delivered,1,4,0,75,82,120,often,fair,170,0,0,0,0,40
616,female,40000,delivered,1,4,0,75,48,210,not_often,fair,260,0,0,0,0,60
617,male,90000,delivered,1,6,0,75,82,120,often,good,170,0,0,0,0,40
618,female,45000,delivered,1,3,0,75,42,285,often,good,330,0,0,0,0,80
619,female,60000,delivered,1,6,0,75,82,120,not_often,good,170,0,0,0,0,40
620,male,45000,delivered,1,3,0,75,42,285,not_often,fair,330,0,0,0,0,80
621,female,45000,delivered,1,6,0,75,82,120,often,very good,170,0,0,0,0,40
622,female,60000,carried,1,4,0,75,42,240,not_often,fair,290,0,0,0,0,70
623,male,105000,delivered,1,4,0,75,8,645,not_often,good,400,0,0,0,0,170
624,male,55000,delivered,1,3,0,75,48,285,often,good,330,0,0,0,0,80
625,male,50000,delivered,1,4,0,75,82,165,often,good,210,0,0,0,0,50
626,male,105000,delivered,1,4,0,75,8,645,not_often,good,400,0,0,0,0,170
627,female,50000,carried,1,4,0,75,82,165,often,fair,210,0,0,0,0,50
628,male,70000,delivered,1,5,0,75,82,165,often,fair,210,0,0,0,0,50
629,male,40000,delivered,1,4,0,75,88,120,often,fair,170,0,0,0,0,40
630,female,80000,delivered,1,4,0,75,48,285,not_often,good,330,0,0,0,0,80
631,female,90000,delivered,1,6,0,75,13,405,often,good,450,0,0,0,0,110
632,female,100000,carried,1,3,0,75,22,840,not_often,fair,550,0,0,0,0,220
633,male,55000,carried,1,3,0,75,38,285,not_often,good,330,0,0,0,0,80
634,female,50000,carried,1,4,0,75,38,285,not_often,good,330,0,0,0,0,80
635,female,80000,carried,1,4,0,75,38,285,not_often,fair,330,0,0,0,0,80
636,male,80000,carried,1,6,0,75,32,330,not_often,good,380,0,0,0,0,90
637,female,80000,carried,1,3,0,75,8,765,often,fair,280,0,0,0,0,200
638,female,80000,carried,1,3,0,75,38,285,not_often,fair,330,0,0,0,0,80
639,female,80000,carried,1,4,0,75,38,285,often,good,330,0,0,0,0,80
640,male,80000,carried,1,5,0,75,82,165,often,fair,210,0,0,0,0,50
641,female,80000,carried,1,6,0,75,32,330,not_often,fair,380,0,0,0,0,90
642,male,80000,carried,1,5,0,75,82,165,often,fair,210,0,0,0,0,50
643,male,60000,carried,1,3,0,75,38,285,not_often,good,330,0,0,0,0,80
644,female,60000,delivered,1,3,0,75,38,285,often,fair,330,0,0,0,0,80
645,female,105000,delivered,1,6,0,75,32,330,not_often,good,380,0,0,0,0,90
646,female,95000,delivered,1,6,0,75,32,330,often,good,380,0,0,0,0,90
647,female,45000,delivered,1,3,0,75,38,285,not_often,good,330,0,0,0,0,80
648,male,45000,carried,1,3,0,75,38,285,not_often,good,330,0,0,0,0,80
649,male,50000,delivered,1,6,0,75,72,120,not_often,fair,170,0,0,0,0,40
650,female,105000,delivered,1,4,0,75,8,645,often,fair,400,0,0,0,0,170
651,female,100000,delivered,1,3,0,75,8,720,not_often,good,380,0,0,0,0,190
652,male,65000,delivered,1,5,0,75,13,450,often,fair,500,0,0,0,0,120
653,male,100000,carried,1,4,0,75,38,285,not_often,good,330,0,0,0,0,80
654,female,105000,carried,1,6,0,75,32,330,often,fair,380,0,0,0,0,90
655,female,40000,delivered,1,4,0,75,82,120,often,fair,170,0,0,0,0,40
656,male,80000,delivered,1,4,0,75,38,285,often,fair,330,0,0,0,0,80
657,male,105000,delivered,1,6,0,75,22,360,often,fair,410,0,0,0,0,100
658,female,65000,delivered,1,5,0,75,82,165,often,fair,210,0,0,0,0,50
659,female,65000,delivered,1,5,0,75,82,165,often,good,210,0,0,0,0,50
660,male,65000,delivered,1,5,0,75,13,450,not_often,fair,500,0,0,0,0,120
661,female,65000,delivered,1,6,0,75,32,330,often,good,380,0,0,0,0,90
662,male,65000,carried,1,4,0,75,82,165,often,good,210,0,0,0,0,50
663,female,65000,delivered,1,3,0,75,38,285,often,good,330,0,0,0,0,80
664,female,65000,delivered,1,6,0,75,32,330,often,good,380,0,0,0,0,90
665,female,65000,delivered,1,4,0,75,38,285,often,fair,330,0,0,0,0,80
666,female,100000,delivered,1,6,0,75,32,330,not_often,good,380,0,0,0,0,90
667,female,55000,delivered,1,6,0,75,18,360,not_often,good,410,0,0,0,0,100
668,female,100000,delivered,1,6,0,75,18,360,often,good,410,0,0,0,0,100
669,female,75000,delivered,1,4,0,75,32,285,often,fair,330,0,0,0,0,80
670,female,80000,delivered,1,4,0,75,32,285,often,good,330,0,0,0,0,80
671,female,105000,delivered,1,6,0,75,32,330,not_often,good,380,0,0,0,0,90
672,male,95000,delivered,1,6,0,75,22,360,not_often,fair,410,0,0,0,0,100
673,male,75000,delivered,1,4,0,75,38,285,not_often,fair,330,0,0,0,0,80
674,male,40000,delivered,1,4,0,75,72,120,not_often,fair,170,0,0,0,0,40
675,female,70000,delivered,1,6,0,75,22,360,often,fair,410,0,0,0,0,100
676,male,40000,delivered,1,4,0,75,72,120,often,fair,170,0,0,0,0,40
677,female,70000,delivered,1,5,0,75,82,165,often,good,210,0,0,0,0,50
678,male,105000,delivered,1,6,0,75,32,330,not_often,good,380,0,0,0,0,90
679,male,50000,delivered,1,4,0,75,82,165,not_often,good,210,0,0,0,0,50
680,male,65000,delivered,1,5,0,75,48,165,often,fair,210,0,0,0,0,50
681,male,95000,delivered,1,6,0,75,42,330,not_often,fair,380,0,0,0,0,90
682,male,40000,delivered,1,3,0,75,42,285,not_often,fair,330,0,0,0,0,80
683,female,70000,delivered,1,5,0,75,82,165,often,good,210,0,0,0,0,50
684,male,70000,delivered,1,6,0,75,32,330,not_often,good,380,0,0,0,0,90
685,female,70000,delivered,1,6,0,75,62,210,not_often,fair,260,0,0,0,0,60
686,female,70000,delivered,1,6,0,75,38,330,not_often,good,380,0,0,0,0,90
687,female,70000,delivered,1,6,0,75,22,360,not_often,good,410,0,0,0,0,100
688,male,70000,delivered,1,4,0,75,18,450,often,good,500,0,0,0,0,120
689,female,70000,delivered,1,5,0,75,42,165,often,good,210,0,0,0,0,50
690,male,45000,delivered,1,3,0,75,42,285,not_often,fair,330,0,0,0,0,80
691,female,50000,delivered,1,4,0,75,48,165,not_often,good,210,0,0,0,0,50
692,male,100000,delivered,1,3,0,75,8,690,often,good,500,0,0,0,0,180
693,female,40000,delivered,1,4,0,75,82,120,not_often,good,170,0,0,0,0,40
694,female,70000,delivered,1,5,0,75,42,165,often,fair,210,0,0,0,0,50
695,female,50000,delivered,1,4,0,75,82,210,often,good,260,0,0,0,0,60
696,female,50000,delivered,1,4,0,75,82,165,not_often,fair,210,0,0,0,0,50
697,female,50000,delivered,1,4,0,75,48,165,not_often,good,210,0,0,0,0,50
698,female,45000,delivered,1,3,0,75,42,285,not_often,fair,330,0,0,0,0,80
699,male,105000,delivered,1,3,0,75,8,690,not_often,good,500,0,0,0,0,180
700,female,85000,delivered,1,6,0,75,18,360,often,good,410,0,0,0,0,100
701,male,65000,carried,1,5,0,75,42,165,often,fair,210,0,0,0,0,50
702,female,60000,carried,1,3,0,75,42,285,not_often,fair,330,0,0,0,0,80
703,male,60000,delivered,1,4,0,75,32,285,often,fair,330,0,0,0,0,80
704,female,60000,carried,1,5,0,75,62,120,not_often,fair,170,0,0,0,0,40
705,female,60000,carried,1,6,0,75,18,360,often,good,410,0,0,0,0,100
706,female,60000,carried,1,4,0,75,48,165,often,good,210,0,0,0,0,50
707,female,60000,delivered,1,4,0,75,48,165,not_often,fair,210,0,0,0,0,50
708,female,60000,delivered,1,3,0,75,42,285,often,good,330,0,0,0,0,80
709,female,85000,delivered,1,6,0,75,18,360,not_often,good,410,0,0,0,0,100
710,male,55000,delivered,1,6,0,75,18,360,often,good,410,0,0,0,0,100
711,male,100000,delivered,1,6,0,75,18,360,often,fair,410,0,0,0,0,100
712,female,60000,delivered,1,3,0,75,42,285,not_often,fair,330,0,0,0,0,80
713,female,90000,delivered,1,6,0,75,18,360,not_often,good,410,0,0,0,1,100
714,female,60000,delivered,1,3,0,75,32,285,not_often,good,330,0,0,0,0,80
715,female,105000,delivered,1,6,0,75,32,330,often,fair,380,0,0,0,0,90
716,female,55000,carried,1,6,0,75,32,330,often,good,380,0,0,0,0,90
717,female,90000,carried,1,6,0,75,38,330,not_often,fair,380,0,0,0,0,90
718,female,40000,carried,1,3,0,75,42,285,often,fair,330,0,0,0,0,80
719,female,45000,carried,1,3,0,75,42,285,not_often,good,330,0,0,0,0,80
720,female,45000,carried,1,6,0,75,38,330,not_often,fair,380,0,0,0,0,90
721,female,45000,carried,1,4,0,75,32,285,often,good,330,0,0,0,0,80
722,female,45000,carried,1,4,0,75,62,120,often,good,170,0,0,0,0,40
723,female,45000,carried,1,4,0,75,8,525,not_often,good,480,0,0,0,0,140
724,female,45000,carried,1,6,0,75,82,210,not_often,good,260,0,0,0,0,60
725,female,55000,carried,1,3,0,75,62,210,often,good,260,0,0,0,0,60
726,female,70000,carried,1,5,0,75,42,165,often,good,210,0,0,0,0,50
727,female,75000,carried,1,4,0,75,92,165,not_often,good,210,0,0,0,0,50
728,female,60000,carried,1,3,0,75,42,285,not_often,good,330,0,0,0,0,80
729,female,70000,carried,1,5,0,75,42,165,not_often,good,210,0,0,0,0,50
730,female,95000,carried,1,6,0,75,18,360,not_often,good,410,0,0,0,0,100
731,female,95000,carried,1,4,0,75,32,285,not_often,fair,330,0,0,0,0,80
732,female,95000,carried,1,4,0,75,32,285,often,good,330,0,0,0,0,80
733,female,40000,carried,1,4,0,75,72,120,not_often,fair,170,0,0,0,0,40
734,female,60000,carried,1,3,0,75,42,285,often,fair,330,0,0,0,0,80
735,female,65000,carried,1,5,0,75,82,165,often,fair,210,0,0,0,0,50
736,female,40000,carried,1,4,0,75,82,120,often,fair,170,0,0,0,0,40
737,female,70000,carried,1,5,0,75,82,165,often,fair,210,0,0,0,0,50
738,female,80000,carried,1,4,0,75,42,285,not_often,fair,330,0,0,0,0,80
739,female,45000,carried,1,3,0,75,42,285,often,fair,330,0,0,0,0,80
740,female,50000,carried,1,4,0,75,82,165,not_often,good,210,0,0,0,0,50
741,female,105000,carried,1,4,0,75,18,570,not_often,fair,280,0,0,0,0,150
742,female,105000,carried,1,4,0,75,32,285,often,fair,330,0,0,0,0,80
743,female,105000,carried,1,3,0,75,42,285,not_often,fair,330,0,0,0,1,80
744,female,85000,carried,1,6,0,75,18,360,not_often,fair,410,0,0,0,0,100
745,female,85000,carried,1,6,0,75,18,360,not_often,good,410,0,0,0,0,100
746,female,85000,carried,1,6,0,75,18,405,not_often,fair,450,0,0,0,0,110
747,female,85000,carried,1,6,0,75,18,360,not_often,fair,410,0,0,0,0,100
748,female,70000,carried,1,6,0,75,18,405,not_often,good,450,0,0,0,0,110
749,female,70000,carried,1,4,0,75,82,120,not_often,good,170,0,0,0,0,40
750,female,70000,carried,1,5,0,75,82,165,often,fair,210,0,0,0,0,50
751,female,70000,carried,1,3,0,75,42,285,not_often,good,330,0,0,0,0,80
752,female,85000,carried,1,6,0,75,18,360,not_often,fair,410,0,0,0,0,100
753,female,95000,carried,1,3,0,75,42,285,often,fair,330,0,0,0,0,80
754,female,50000,carried,1,4,0,75,82,165,often,good,210,0,0,0,0,50
755,female,95000,carried,1,6,0,75,92,90,often,good,140,0,0,0,0,30
756,female,90000,carried,1,6,0,75,32,330,not_often,good,380,0,0,0,0,90
757,female,50000,delivered,1,4,0,75,82,165,often,good,210,0,0,0,0,50
758,male,95000,carried,1,5,0,75,48,165,often,good,210,0,0,0,0,50
759,male,80000,carried,1,4,0,75,32,285,not_often,fair,330,0,0,0,0,80
760,female,100000,carried,1,4,0,75,8,645,often,fair,400,0,0,0,0,170
761,male,100000,carried,1,3,0,75,38,285,not_often,fair,330,0,0,0,0,80
762,male,50000,carried,1,4,0,75,82,165,not_often,fair,210,0,0,0,0,50
763,female,85000,carried,1,6,0,75,82,210,often,good,260,0,0,0,0,60
764,female,70000,carried,1,5,0,75,82,165,not_often,very good,210,0,0,0,0,50
765,female,70000,carried,1,4,0,75,42,285,not_often,fair,330,0,0,0,0,80
766,female,70000,carried,1,6,0,75,32,330,often,fair,380,0,0,0,0,90
767,male,70000,carried,1,4,0,75,42,285,often,fair,330,0,0,0,0,80
768,female,45000,carried,1,6,0,75,82,120,not_often,fair,170,0,0,0,0,40
769,female,65000,carried,1,5,0,75,82,165,not_often,good,210,0,0,0,0,50
770,male,95000,carried,1,6,0,75,22,360,not_often,fair,410,0,0,0,0,100
771,female,45000,carried,1,5,0,75,82,120,often,fair,170,0,0,0,0,40
772,female,90000,delivered,1,3,0,75,42,285,not_often,good,330,0,0,0,0,80
773,male,45000,delivered,1,6,0,75,18,405,not_often,fair,450,0,0,0,0,110
774,female,60000,delivered,1,4,0,75,82,210,often,fair,260,0,0,0,0,60
775,male,75000,carried,1,4,0,75,32,285,often,good,330,0,0,0,0,80
776,male,80000,carried,1,4,0,75,32,285,not_often,fair,330,0,0,0,0,80
777,male,75000,delivered,1,4,0,75,38,285,not_often,good,330,0,0,0,0,80
778,female,70000,carried,1,5,0,75,82,165,not_often,good,210,0,0,0,0,50
779,female,65000,carried,1,5,0,75,82,165,not_often,good,210,0,0,0,0,50
780,female,50000,carried,1,6,0,75,18,360,often,good,410,0,0,0,0,100
781,male,40000,delivered,1,4,0,75,62,120,not_often,good,170,0,0,0,0,40
782,female,90000,delivered,1,4,0,75,8,525,often,good,480,0,0,0,0,140
783,male,65000,carried,1,5,0,75,42,165,often,fair,210,0,0,0,0,50
784,male,95000,carried,1,5,0,75,72,120,not_often,fair,170,0,0,0,0,40
785,female,90000,delivered,1,6,0,75,13,360,often,good,410,0,0,0,0,100
786,female,90000,carried,1,4,0,75,72,120,not_often,good,170,0,0,0,0,40
787,male,90000,carried,1,6,0,75,32,330,often,fair,380,0,0,0,0,90
788,male,90000,carried,1,6,0,75,32,330,not_often,good,380,0,0,0,0,90
789,female,90000,delivered,1,4,0,75,88,210,often,good,260,0,0,0,0,60
790,male,90000,delivered,1,4,0,75,82,120,often,good,170,0,0,0,0,40
791,male,40000,carried,1,4,0,75,82,120,not_often,fair,170,0,0,0,0,40
792,male,90000,carried,1,6,0,75,22,360,not_often,fair,410,0,0,0,0,100
793,male,95000,delivered,1,6,0,75,22,360,often,good,410,0,0,0,0,100
794,male,55000,carried,1,3,0,75,42,285,often,good,330,0,0,0,0,80
795,male,60000,delivered,1,5,0,75,82,165,often,good,210,0,0,0,0,50
796,male,75000,delivered,1,4,0,75,32,285,not_often,fair,330,0,0,0,0,80
797,male,50000,carried,1,4,0,75,82,165,often,good,210,0,0,0,0,50
798,male,80000,delivered,1,4,0,75,42,285,not_often,good,330,0,0,0,0,80
799,female,40000,delivered,1,5,0,75,82,165,not_often,fair,210,0,0,0,0,50
800,male,40000,delivered,1,4,0,75,82,120,not_often,fair,170,0,0,0,0,40
801,female,95000,delivered,1,6,0,75,22,360,often,good,410,0,0,0,0,100
802,male,55000,delivered,1,3,0,75,38,285,not_often,good,330,0,0,0,0,80
803,male,75000,delivered,1,4,0,75,38,285,often,fair,330,0,0,0,0,80
804,female,45000,delivered,1,3,0,75,38,285,not_often,fair,330,0,0,0,0,80
805,male,75000,delivered,1,4,0,75,38,285,often,fair,330,0,0,0,0,80
806,male,85000,delivered,1,3,0,75,38,285,often,good,330,0,0,0,0,80
807,male,65000,delivered,1,5,0,75,13,405,not_often,good,450,0,0,0,0,110
808,female,65000,delivered,1,5,0,75,82,165,not_often,good,210,0,0,0,0,50
809,male,65000,delivered,1,4,0,75,42,285,not_often,good,330,0,0,0,0,80
810,female,65000,delivered,1,4,0,75,42,285,not_often,fair,330,0,0,0,0,80
811,female,65000,delivered,1,3,0,75,42,285,often,good,330,0,0,0,0,80
812,female,75000,delivered,1,4,0,75,48,285,not_often,good,330,0,0,0,0,80
813,male,105000,carried,1,5,0,75,13,450,not_often,good,500,0,0,0,0,120
814,female,70000,delivered,1,5,0,75,82,165,often,good,210,0,0,0,0,50
815,female,95000,delivered,1,6,0,75,32,330,not_often,fair,380,0,0,0,1,90
816,male,65000,delivered,1,5,0,75,82,165,often,good,210,0,0,0,0,50
817,male,55000,delivered,1,3,0,75,42,285,often,fair,330,0,0,0,0,80
818,male,65000,delivered,1,5,0,75,82,165,not_often,fair,210,0,0,0,0,50
819,male,85000,delivered,1,6,0,75,32,330,often,fair,380,0,0,0,0,90
820,female,50000,delivered,1,4,0,75,82,165,not_often,good,210,0,0,0,0,50
821,female,105000,delivered,1,5,0,75,82,165,often,fair,210,0,0,0,0,50
822,female,95000,delivered,1,6,0,75,22,360,not_often,good,410,0,0,0,0,100
823,male,80000,delivered,1,4,0,75,32,285,often,good,330,0,0,0,0,80
824,male,80000,carried,1,4,0,75,32,285,not_often,fair,330,0,0,0,0,80
825,male,95000,delivered,1,6,0,75,18,360,often,good,410,0,0,0,0,100
826,male,70000,delivered,1,5,0,75,82,165,often,fair,210,0,0,0,0,50
827,female,50000,carried,1,4,0,75,82,165,often,fair,210,0,0,0,0,50
828,female,80000,delivered,1,6,0,75,32,330,not_often,good,380,0,0,0,0,90
829,female,105000,delivered,1,4,0,75,8,570,not_often,fair,280,0,0,0,0,150
830,female,70000,carried,1,5,0,75,42,165,often,fair,210,0,0,0,0,50
831,male,80000,delivered,1,4,0,75,32,285,not_often,good,330,0,0,0,0,80
832,male,45000,delivered,1,3,0,75,42,285,often,good,330,0,0,0,0,80
833,male,45000,delivered,1,3,0,75,42,285,not_often,good,330,0,0,0,0,80
834,male,80000,carried,1,3,0,75,42,285,often,fair,330,0,0,0,1,80
835,male,85000,delivered,1,6,0,75,32,330,not_often,fair,380,0,0,0,0,90
836,male,45000,delivered,1,3,0,75,42,285,often,fair,330,0,0,0,0,80
837,female,105000,delivered,1,3,0,75,8,765,not_often,good,280,0,0,0,0,200
838,male,50000,delivered,1,4,0,75,88,165,often,good,210,0,0,0,0,50
839,female,50000,delivered,1,4,0,75,88,165,often,fair,210,0,0,0,0,50
840,female,55000,delivered,1,3,0,75,38,285,not_often,fair,330,0,0,0,0,80
841,male,55000,delivered,1,3,0,75,42,285,not_often,good,330,0,0,0,0,80
842,male,65000,carried,1,5,0,75,42,165,often,good,210,0,0,0,0,50
843,female,80000,carried,1,3,0,75,42,285,often,good,330,0,0,0,0,80
844,male,50000,carried,1,4,0,75,88,165,often,good,210,0,0,0,0,50
845,female,50000,carried,1,4,0,75,88,165,often,good,210,0,0,0,0,50
846,female,45000,carried,1,3,0,75,42,285,often,fair,330,0,0,0,0,80
847,female,105000,delivered,1,3,0,75,8,450,often,fair,500,0,0,0,0,120
848,male,105000,delivered,1,6,0,75,18,360,not_often,good,410,0,0,0,0,100
849,male,65000,delivered,1,5,0,75,42,165,not_often,good,210,0,0,0,0,50
850,female,100000,delivered,1,6,0,75,32,330,often,fair,380,0,0,0,0,90
851,male,100000,delivered,1,4,0,75,62,120,not_often,fair,170,0,0,0,0,40
852,male,100000,delivered,1,4,0,75,62,120,not_often,fair,170,0,0,0,0,40
853,male,100000,delivered,1,3,0,75,42,285,not_often,fair,330,0,0,0,0,80
854,male,90000,delivered,1,6,0,75,32,330,often,good,380,0,0,0,0,90
855,female,50000,carried,1,5,0,75,88,165,not_often,good,210,0,0,0,0,50
856,male,70000,delivered,1,5,0,75,42,165,not_often,good,210,0,0,0,0,50
857,male,55000,carried,1,3,0,75,42,285,often,good,330,0,0,0,0,80
858,female,55000,delivered,1,6,0,75,32,330,often,good,380,0,0,0,0,90
859,female,105000,delivered,1,6,0,75,72,210,often,good,260,0,0,0,0,60
860,male,90000,delivered,1,6,0,75,72,210,often,good,260,0,0,0,0,60
861,female,85000,delivered,1,3,0,75,42,285,not_often,fair,330,0,0,0,0,80
862,male,65000,carried,1,5,0,75,82,165,not_often,fair,210,0,0,0,0,50
863,female,65000,carried,1,5,0,75,82,165,not_often,good,210,0,0,0,0,50
864,male,45000,delivered,1,3,0,75,42,285,not_often,fair,330,0,0,0,0,80
865,male,60000,delivered,1,3,0,75,42,285,often,fair,330,0,0,0,0,80
866,female,60000,delivered,1,3,0,75,42,285,often,good,330,0,0,0,0,80
867,female,105000,carried,1,3,0,75,42,285,not_often,fair,330,0,0,0,0,80
868,female,100000,carried,1,6,0,75,13,405,not_often,fair,450,0,0,0,0,110
869,male,65000,delivered,1,5,0,75,82,165,often,good,210,0,0,0,0,50
870,female,90000,delivered,1,6,0,75,18,360,often,good,410,0,0,0,0,100
871,female,90000,delivered,1,5,0,75,82,165,often,good,210,0,0,0,0,50
872,male,90000,delivered,1,3,0,75,8,765,not_often,fair,280,0,0,0,0,200
873,female,90000,delivered,1,4,0,75,32,285,often,fair,330,0,0,0,0,80
874,male,90000,delivered,1,4,0,75,88,165,not_often,fair,210,0,0,0,0,50
875,male,50000,delivered,1,4,0,75,88,165,often,good,210,0,0,0,0,50
876,male,90000,delivered,1,6,0,75,18,405,not_often,good,450,0,0,0,0,110
877,male,40000,delivered,1,4,0,75,62,120,not_often,fair,170,0,0,0,0,40
878,male,80000,delivered,1,4,0,75,32,285,not_often,good,330,0,0,0,0,80
879,male,50000,delivered,1,4,0,75,88,165,not_often,fair,210,0,0,0,0,50
880,male,60000,delivered,1,3,0,75,42,285,not_often,fair,330,0,0,0,0,80
881,male,105000,delivered,1,3,0,75,8,720,often,good,380,0,0,0,0,190
882,female,55000,carried,1,3,0,75,8,765,often,fair,280,0,0,0,0,200
883,female,75000,carried,1,5,0,75,42,165,not_often,good,210,0,0,0,0,50
884,male,70000,carried,1,5,0,75,42,165,not_often,fair,210,0,0,0,0,50
885,female,70000,carried,1,5,0,75,42,165,often,good,210,0,0,0,0,50
886,male,60000,carried,1,3,0,75,42,285,not_often,good,330,0,0,0,0,80
887,female,50000,carried,1,4,0,75,88,165,often,fair,210,0,0,0,0,50
888,male,50000,carried,1,4,0,75,88,165,often,fair,210,0,0,0,0,50
889,male,95000,carried,1,6,0,75,8,405,often,good,450,0,0,0,0,110
890,male,60000,delivered,1,4,0,75,42,285,not_often,good,330,0,0,0,0,80
891,male,100000,delivered,1,4,0,75,7,570,not_often,fair,280,0,0,0,1,150
892,female,100000,carried,1,6,0,75,17,360,not_often,good,410,0,0,0,0,100
893,female,100000,delivered,1,6,0,75,32,330,often,good,380,0,0,0,0,90
894,male,100000,carried,1,6,0,75,72,210,not_often,fair,260,0,0,0,0,60
895,male,100000,delivered,1,3,0,75,42,285,often,good,330,0,0,0,0,80
896,female,100000,delivered,1,6,0,75,32,330,often,fair,380,0,0,0,0,90
897,female,40000,delivered,1,6,0,75,17,360,often,fair,410,0,0,0,0,100
898,male,100000,carried,1,3,0,75,7,360,not_often,good,410,0,0,0,0,220
899,female,40000,carried,1,4,0,75,82,120,not_often,good,170,0,0,0,0,40
900,female,105000,carried,1,6,0,75,17,405,not_often,good,450,0,0,0,0,110
901,female,100000,carried,1,3,0,75,7,765,often,good,280,0,0,0,0,200
902,female,105000,carried,1,6,0,75,32,330,often,good,380,0,0,0,0,90
903,female,45000,delivered,1,3,0,75,42,285,not_often,fair,330,0,0,0,0,80
904,female,105000,delivered,1,5,0,75,72,165,not_often,good,210,0,0,0,0,50
905,male,40000,delivered,1,4,0,75,72,120,not_often,fair,170,0,0,0,0,40
906,female,75000,delivered,1,4,0,75,42,285,often,good,330,0,0,0,0,80
907,female,40000,delivered,1,4,0,75,82,120,often,good,170,0,0,0,0,40
908,male,70000,delivered,1,5,0,75,72,165,often,good,210,0,0,0,0,50
909,male,45000,delivered,1,3,0,75,42,285,often,good,330,0,0,0,0,80
910,female,85000,delivered,1,6,0,75,17,405,not_often,good,450,0,0,0,0,110
911,male,65000,delivered,1,5,0,75,72,165,not_often,fair,210,0,0,0,0,50
912,male,65000,delivered,1,5,0,75,72,165,often,fair,210,0,0,0,0,50
913,male,75000,delivered,1,4,0,75,42,285,often,fair,330,0,0,0,0,80
914,female,90000,delivered,1,6,0,75,17,360,often,good,410,0,0,0,0,100
915,female,90000,well,1,6,0,75,17,360,often,good,410,0,0,0,0,100
916,male,90000,delivered,1,4,0,75,42,285,not_often,fair,330,0,0,0,0,80
917,male,90000,delivered,1,4,0,75,7,570,not_often,good,280,0,0,0,0,150
918,female,90000,carried,1,6,0,75,17,360,often,fair,410,0,0,0,0,100
919,female,90000,carried,1,3,0,75,42,285,often,good,330,0,0,0,0,80
920,female,75000,carried,1,4,0,75,32,285,often,good,330,0,0,0,0,80
921,female,100000,delivered,1,4,0,75,7,645,not_often,fair,400,0,0,0,0,170
922,female,70000,delivered,1,5,0,75,72,165,often,fair,210,0,0,0,0,50
923,female,95000,carried,1,6,0,75,17,360,not_often,very good,410,0,0,0,0,100
924,female,60000,delivered,1,3,0,75,37,285,not_often,fair,330,0,0,0,0,80
925,female,70000,delivered,1,6,0,75,32,330,often,fair,380,0,0,0,0,90
926,male,75000,delivered,1,4,0,75,42,285,not_often,good,330,0,0,0,0,80
927,female,80000,carried,1,4,0,75,42,150,often,good,200,0,0,0,0,80
928,female,75000,delivered,1,4,0,75,42,350,often,fair,400,0,0,0,0,80
929,female,105000,delivered,1,3,0,75,7,550,not_often,good,450,0,0,0,0,200
930,female,45000,delivered,1,3,0,75,42,285,often,good,330,0,0,0,0,80
931,male,45000,delivered,1,6,0,75,92,285,often,good,330,0,0,0,0,30
932,male,45000,delivered,1,4,0,75,82,120,often,good,170,0,0,0,0,40
933,male,45000,delivered,1,4,0,75,7,360,not_often,fair,410,0,0,0,0,150
934,male,45000,delivered,1,4,0,75,42,285,not_often,good,330,0,0,0,0,80
935,male,50000,delivered,1,4,0,75,82,120,often,fair,170,0,0,0,0,40
936,female,75000,delivered,1,4,0,75,42,350,not_often,good,400,0,0,0,0,80
937,female,80000,delivered,1,6,0,75,17,405,often,fair,450,0,0,0,0,110
938,female,105000,carried,1,3,0,75,62,210,often,good,260,0,0,0,0,60
939,female,75000,delivered,1,4,0,75,32,285,not_often,good,330,0,0,0,0,80
940,female,90000,carried,1,6,0,75,17,360,often,fair,410,0,0,0,0,100
941,male,85000,carried,1,6,0,75,17,405,not_often,fair,450,0,0,0,0,110
942,male,45000,delivered,1,3,0,75,42,285,not_often,fair,330,0,0,0,0,80
943,female,100000,carried,1,3,0,75,42,150,not_often,fair,200,0,0,0,0,80
944,female,50000,carried,1,4,0,75,82,120,often,good,170,0,0,0,0,40
945,female,65000,delivered,1,5,0,75,72,165,not_often,fair,210,0,0,0,0,50
946,female,75000,delivered,1,4,0,75,42,285,often,fair,330,0,0,0,0,80
947,female,75000,delivered,1,4,0,75,37,280,not_often,good,330,0,0,0,0,80
948,male,75000,carried,1,4,0,75,37,285,not_often,fair,330,0,0,0,0,80
949,male,75000,delivered,1,6,0,75,17,200,not_often,good,250,0,0,0,0,100
950,female,75000,delivered,1,4,0,75,72,120,often,fair,170,0,0,0,0,40
951,female,75000,delivered,1,3,0,75,37,150,not_often,good,200,0,0,0,0,80
952,female,40000,delivered,1,4,0,75,72,120,not_often,fair,170,0,0,0,0,40
953,female,55000,delivered,1,3,0,75,37,285,often,fair,330,0,0,0,0,80
954,female,100000,delivered,1,4,0,75,22,360,not_often,good,410,0,0,0,0,100
955,female,45000,delivered,1,3,0,75,37,285,often,good,330,0,0,0,0,80
956,female,45000,delivered,1,6,0,75,47,210,often,fair,260,0,0,0,0,60
957,female,40000,delivered,1,4,0,75,72,120,often,good,170,0,0,0,0,40
958,female,55000,delivered,1,3,0,75,42,285,not_often,very good,330,0,0,0,0,80
959,female,95000,delivered,1,6,0,75,47,210,often,good,260,0,0,0,0,60
960,female,50000,delivered,1,4,0,75,72,120,not_often,good,170,0,0,0,0,40
961,female,60000,delivered,1,3,0,75,37,285,not_often,good,330,0,0,0,0,80
962,female,60000,delivered,1,6,0,75,47,210,not_often,good,260,0,0,0,0,60
963,female,85000,delivered,1,6,0,75,47,210,often,good,260,0,0,0,0,60
964,female,105000,delivered,1,3,0,75,32,330,often,fair,380,0,0,0,0,90
965,female,85000,delivered,1,6,0,75,47,210,often,fair,260,0,0,0,0,60
966,female,50000,delivered,1,4,0,75,72,120,not_often,fair,170,0,0,0,0,40
967,female,100000,delivered,1,4,0,75,47,285,not_often,good,330,0,0,0,1,80
968,female,65000,delivered,1,5,0,75,72,165,often,good,210,0,0,0,0,50
969,female,65000,delivered,1,6,0,75,47,210,not_often,good,260,0,0,0,0,60
970,female,65000,delivered,1,6,0,75,47,210,not_often,fair,260,0,0,0,0,60
971,female,65000,delivered,1,4,0,75,72,165,often,good,210,0,0,0,0,50
972,female,65000,delivered,1,4,0,75,72,120,not_often,fair,170,0,0,0,0,40
973,female,105000,carried,1,3,0,75,7,350,often,fair,400,0,0,0,0,120
974,female,105000,delivered,1,4,0,75,32,330,not_often,good,380,0,0,0,0,90
975,female,95000,delivered,1,5,0,75,72,165,not_often,good,210,0,0,0,0,50
976,female,60000,delivered,1,3,0,75,42,285,often,fair,330,0,0,0,0,80
977,male,85000,carried,1,6,0,75,77,210,not_often,good,260,0,0,0,0,60
978,male,100000,delivered,1,6,0,75,77,210,not_often,good,260,0,0,0,0,60
979,female,70000,delivered,1,5,0,75,72,165,not_often,fair,210,0,0,0,0,50
980,female,50000,delivered,1,4,0,75,72,165,often,fair,210,0,0,0,0,50
981,female,85000,delivered,1,6,0,75,77,210,not_often,fair,260,0,0,0,0,60
982,male,80000,delivered,1,4,0,75,42,285,not_often,good,330,0,0,0,0,80
983,female,80000,delivered,1,5,0,75,72,165,often,good,210,0,0,0,0,50
984,female,80000,delivered,1,6,0,75,77,210,often,good,260,0,0,0,0,60
985,male,80000,delivered,1,3,0,75,42,285,not_often,good,330,0,0,0,0,80
986,female,85000,delivered,1,6,0,75,77,210,not_often,fair,260,0,0,0,0,60
987,male,55000,delivered,1,3,0,75,37,285,not_often,good,330,0,0,0,0,80
988,female,55000,delivered,1,4,0,75,37,285,not_often,fair,330,0,0,0,0,80
989,female,60000,delivered,1,6,0,75,47,210,often,fair,260,0,0,0,0,60
990,female,90000,delivered,1,6,0,75,47,210,often,good,260,0,0,0,0,60
991,female,45000,delivered,1,3,0,75,42,285,not_often,fair,330,0,0,0,0,80
992,female,45000,delivered,1,3,0,75,42,285,not_often,fair,330,0,0,0,0,80
993,male,45000,delivered,1,3,0,75,7,400,often,good,450,0,0,0,0,130
994,female,45000,delivered,1,4,0,75,82,120,not_often,fair,170,0,0,0,0,40
995,male,45000,delivered,1,6,0,75,47,210,not_often,fair,260,0,0,0,0,60
996,female,45000,delivered,1,5,0,75,72,165,not_often,good,210,0,0,0,0,50
997,female,45000,delivered,1,6,0,75,47,150,not_often,fair,200,0,0,0,0,60
998,male,105000,delivered,1,4,0,75,32,330,often,good,380,0,0,0,0,90
999,female,95000,delivered,1,6,0,75,47,210,often,good,260,0,0,0,0,60
1000,female,50000,delivered,1,4,0,75,72,165,not_often,good,210,0,0,0,0,50
1001,female,60000,delivered,1,3,0,75,42,285,not_often,fair,330,0,0,0,0,80
1002,female,55000,delivered,1,6,0,75,77,210,not_often,fair,260,0,0,0,0,60
1003,female,40000,delivered,1,4,0,75,82,280,often,fair,330,0,0,0,0,40
1004,female,40000,delivered,1,4,0,75,82,120,not_often,good,170,0,0,0,0,40
1005,female,105000,delivered,1,6,0,75,42,180,often,good,230,0,0,0,0,80
1006,female,85000,well,1,6,0,75,32,330,not_often,poor,380,0,0,0,0,90
1007,female,100000,delivered,1,4,0,75,7,480,often,good,300,0,0,0,0,130
1008,female,100000,delivered,1,6,0,75,37,285,not_often,good,330,0,0,0,0,80
1009,male,85000,delivered,1,6,0,75,47,210,not_often,fair,260,0,0,0,0,60
1010,female,105000,delivered,1,6,0,75,32,330,not_often,good,380,0,0,0,0,90
1011,female,50000,delivered,1,4,0,75,82,120,not_often,good,170,0,0,0,0,40
1012,female,60000,delivered,1,3,0,75,42,285,often,fair,330,0,0,0,0,80
1013,female,105000,carried,1,6,0,75,42,150,not_often,fair,200,0,0,0,0,80
1014,female,95000,carried,1,6,0,75,32,330,not_often,fair,380,0,0,0,0,90
1015,female,85000,carried,1,6,0,75,42,285,often,very good,330,0,0,0,0,80
1016,female,100000,carried,1,6,0,75,32,330,often,fair,380,0,0,0,0,90
1017,male,75000,delivered,1,4,0,75,42,285,not_often,good,330,0,0,0,0,80
1018,female,90000,carried,1,6,0,75,32,200,not_often,fair,250,0,0,0,0,90
1019,male,45000,delivered,1,3,0,75,42,285,not_often,fair,330,0,0,0,0,80
1020,female,65000,carried,1,5,0,75,12,405,not_often,fair,450,0,0,0,0,110
1021,female,65000,carried,1,5,0,75,72,165,not_often,good,210,0,0,0,0,50
1022,male,85000,delivered,1,6,0,75,37,285,often,fair,330,0,0,0,0,80
1023,female,105000,carried,1,6,0,75,22,360,not_often,fair,410,0,0,0,0,100
1024,male,50000,carried,1,4,0,75,77,165,often,fair,210,0,0,0,1,50
1025,female,50000,carried,1,6,0,75,22,360,not_often,fair,410,0,0,0,0,100
1026,female,50000,delivered,1,4,0,75,72,120,often,good,170,0,0,0,0,40
1027,female,50000,delivered,1,4,0,75,77,165,often,fair,210,0,0,0,0,50
1028,male,70000,carried,1,5,0,75,72,165,not_often,good,210,0,0,0,0,50
1029,male,100000,delivered,1,6,0,75,47,210,not_often,good,260,0,0,0,0,60
1030,male,100000,delivered,1,6,0,75,47,210,often,good,260,0,0,0,0,60
1031,male,40000,carried,1,4,0,75,72,120,often,fair,170,0,0,0,0,40
1032,male,55000,carried,1,3,0,75,37,285,not_often,fair,330,0,0,0,0,80
1033,male,40000,carried,1,4,0,75,72,120,often,good,170,0,0,0,0,40
1034,female,40000,delivered,1,3,0,75,37,300,not_often,good,350,0,0,0,0,80
1035,female,40000,delivered,1,3,0,75,37,285,not_often,good,330,0,0,0,0,80
1036,female,45000,carried,1,3,0,75,37,180,often,good,230,0,0,0,0,80
1037,female,75000,delivered,1,4,0,75,37,285,often,good,330,0,0,0,0,80
1038,female,55000,delivered,1,3,0,75,37,285,not_often,fair,330,0,0,0,0,80
1039,female,50000,delivered,1,4,0,75,72,165,often,fair,210,0,0,0,0,50
1040,female,60000,delivered,1,3,0,75,37,200,often,fair,250,0,0,0,0,80
1041,female,45000,delivered,1,3,0,75,42,285,not_often,good,330,0,0,0,0,80
1042,female,60000,delivered,1,3,0,75,37,285,not_often,good,330,0,0,0,0,80
1043,female,80000,delivered,1,4,0,75,37,150,not_often,good,200,0,0,0,0,80
1044,male,55000,carried,1,3,0,75,42,285,not_often,fair,330,0,0,0,0,80
1045,female,70000,carried,1,5,0,75,72,165,not_often,good,210,0,0,0,0,50
1046,male,65000,delivered,1,5,0,75,72,165,not_often,good,210,0,0,0,0,50
1047,male,95000,delivered,1,6,0,75,47,210,often,good,260,0,0,0,0,60
1048,male,70000,delivered,1,5,0,75,72,165,often,fair,210,0,0,0,0,50
1049,male,105000,delivered,1,3,0,75,12,500,not_often,good,550,0,0,0,0,120
1050,male,105000,delivered,1,4,0,75,32,330,not_often,good,380,0,0,0,0,90
1051,female,60000,delivered,1,3,0,75,37,285,often,fair,330,0,0,0,0,80
1052,male,95000,delivered,1,6,0,75,47,210,not_often,good,260,0,0,0,0,60
1053,female,90000,delivered,1,6,0,75,47,210,often,good,260,0,0,0,0,60
1054,female,95000,carried,1,6,0,75,47,100,not_often,fair,150,0,0,0,0,60
1055,male,95000,carried,1,6,0,75,47,210,not_often,good,260,0,0,0,0,60
1056,male,100000,delivered,1,6,0,75,47,210,not_often,good,260,0,0,0,0,60
1057,female,40000,delivered,1,4,0,75,72,300,often,good,350,0,0,0,0,40
1058,female,45000,delivered,1,3,0,75,37,285,often,good,330,0,0,0,0,80
1059,male,70000,carried,1,5,0,75,72,165,often,fair,210,0,0,0,0,50
1060,female,70000,carried,1,5,0,75,72,165,not_often,good,210,0,0,0,0,50
1061,male,80000,carried,1,4,0,75,37,285,often,good,330,0,0,0,0,80
1062,female,50000,delivered,1,4,0,75,72,165,often,fair,210,0,0,0,0,50
1063,female,75000,delivered,1,4,0,75,32,200,often,fair,250,0,0,0,0,80
1064,female,55000,delivered,1,3,0,75,42,285,not_often,fair,330,0,0,0,0,80
1065,male,75000,delivered,1,4,0,75,32,285,often,fair,330,0,0,0,0,80
1066,female,75000,carried,1,4,0,75,37,150,not_often,fair,200,0,0,0,0,80
1067,female,75000,delivered,1,6,0,75,47,210,not_often,fair,260,0,0,0,0,60
1068,female,75000,delivered,1,4,0,75,32,285,not_often,fair,330,0,0,0,0,80
1069,male,60000,delivered,1,3,0,75,42,285,often,good,330,0,0,0,0,80
1070,female,90000,delivered,1,6,0,75,47,210,not_often,good,260,0,0,0,0,60
1071,male,100000,delivered,1,4,0,75,22,200,not_often,fair,250,0,0,0,0,100
1072,female,90000,carried,1,6,0,75,47,210,not_often,fair,260,0,0,0,0,60
1073,female,70000,carried,1,5,0,75,72,165,often,fair,210,0,0,0,0,50
1074,female,60000,delivered,1,3,0,75,37,285,not_often,fair,330,0,0,0,0,80
1075,male,85000,carried,1,6,0,75,47,210,often,good,260,0,0,0,0,60
1076,female,85000,delivered,1,3,0,75,37,285,often,fair,330,0,0,0,0,80
1077,male,85000,carried,1,4,0,75,72,400,often,fair,450,0,0,0,0,40
1078,male,85000,delivered,1,5,0,75,72,165,often,fair,210,0,0,0,0,50
1079,male,85000,delivered,1,4,0,75,72,120,often,good,170,0,0,0,0,40
1080,male,70000,delivered,1,5,0,75,72,165,often,fair,210,0,0,0,0,50
1081,female,40000,delivered,1,4,0,75,72,120,often,good,170,0,0,0,0,40
1082,male,95000,delivered,1,6,0,75,47,150,not_often,fair,200,0,0,0,0,60
1083,female,105000,delivered,1,6,0,75,47,210,not_often,good,260,0,0,0,0,60
1084,female,105000,carried,1,6,0,75,47,210,not_often,good,260,0,0,0,0,60
1085,male,90000,delivered,1,6,0,75,47,210,not_often,fair,260,0,0,0,0,60
1086,female,55000,carried,1,3,0,75,37,400,not_often,good,450,0,0,0,0,80
1087,male,80000,carried,1,4,0,75,37,285,not_often,fair,330,0,0,0,0,80
1088,female,80000,delivered,1,4,0,75,72,165,not_often,good,210,0,0,0,0,50
1089,female,80000,delivered,1,3,0,75,42,450,not_often,fair,500,0,0,0,0,80
1090,male,80000,delivered,1,6,0,75,47,210,often,fair,260,0,0,0,0,60
1091,male,80000,carried,1,6,0,75,47,210,often,good,260,0,0,0,0,60
1092,male,50000,delivered,1,4,0,75,72,165,often,fair,210,0,0,0,0,50
1093,male,90000,carried,1,6,0,75,47,450,often,fair,500,0,0,0,0,60
1094,female,40000,delivered,1,4,0,75,72,120,often,fair,170,0,0,0,0,40
1095,male,90000,carried,1,6,0,75,47,210,often,fair,260,0,0,0,0,60
1096,male,90000,carried,1,4,0,75,37,350,not_often,good,400,0,0,0,0,80
1097,male,90000,carried,1,3,0,75,42,285,not_often,good,330,0,0,0,0,80
1098,male,90000,delivered,1,4,0,75,72,120,often,good,170,0,0,0,0,40
1099,female,90000,carried,1,6,0,75,47,210,often,good,260,0,0,0,0,60
1100,male,90000,carried,1,3,0,75,37,285,not_often,fair,330,0,0,0,0,80
1101,male,55000,delivered,1,3,0,75,37,285,not_often,good,330,0,0,0,0,80
1102,male,105000,delivered,1,6,0,75,122,285,not_often,fair,330,0,0,0,0,20
1103,female,100000,delivered,1,6,0,75,47,210,not_often,good,260,0,0,0,0,60
1104,male,40000,delivered,1,4,0,75,72,350,not_often,good,400,0,0,0,0,40
1105,male,70000,delivered,1,5,0,75,72,165,not_often,good,210,0,0,0,0,50
1106,male,85000,carried,1,6,0,75,47,210,often,good,260,0,0,0,0,60
1107,male,50000,delivered,1,4,0,75,72,300,not_often,very good,350,0,0,0,0,40
1108,male,40000,carried,1,4,0,75,72,120,not_often,good,170,0,0,0,0,40
1109,female,70000,carried,1,5,0,75,42,165,often,fair,210,0,0,0,0,50
1110,male,75000,delivered,1,4,0,75,32,285,often,fair,330,0,0,0,0,80
1111,female,85000,delivered,1,6,0,75,47,210,often,fair,260,0,0,0,0,60
1112,male,60000,delivered,1,3,0,75,42,200,often,fair,250,0,0,0,0,80
1113,female,60000,carried,1,3,0,75,47,285,not_often,fair,330,0,0,0,0,80
1114,male,60000,carried,1,4,0,75,72,165,often,good,210,0,0,0,0,50
1115,female,60000,carried,1,6,0,75,47,210,often,fair,260,0,0,0,0,60
1116,female,60000,delivered,1,6,0,75,122,210,not_often,good,260,0,0,0,0,20
1117,male,50000,delivered,1,4,0,75,72,120,often,good,170,0,0,0,0,40
1118,female,40000,carried,1,4,0,75,72,120,often,fair,170,0,0,0,0,40
1119,female,40000,delivered,1,4,0,75,62,120,not_often,good,170,0,0,0,0,40
1120,female,40000,borehole,1,4,0,75,62,120,often,fair,170,0,0,0,0,40
1121,female,60000,carried,1,3,0,75,42,285,not_often,good,330,0,0,0,0,80
1122,male,75000,delivered,1,4,0,75,32,285,often,good,330,0,0,0,0,80
1123,female,75000,delivered,1,4,0,75,32,285,often,good,330,0,0,0,0,80
1124,male,75000,delivered,1,3,0,75,42,285,often,fair,330,0,0,0,0,80
1125,male,105000,delivered,1,6,0,75,92,285,not_often,good,330,0,0,0,0,30
1126,female,70000,delivered,1,5,0,75,42,165,not_often,good,210,0,0,0,0,50
1127,female,80000,delivered,1,4,0,75,32,285,often,good,330,0,0,0,0,80
1128,female,65000,delivered,1,5,0,75,42,165,often,fair,210,0,0,0,0,50
1129,female,80000,delivered,1,4,0,75,32,285,often,good,330,0,0,0,0,80
1130,male,50000,delivered,1,4,0,75,72,165,not_often,fair,210,0,0,0,0,50
1131,male,80000,delivered,1,4,0,75,32,285,not_often,fair,330,0,0,0,0,80
1132,female,40000,delivered,1,4,0,75,72,120,often,fair,170,0,0,0,0,40
1133,female,80000,delivered,1,4,0,75,32,285,often,fair,330,0,0,0,0,80
1134,female,90000,delivered,1,6,0,75,22,200,often,fair,250,0,0,0,0,100
1135,male,100000,delivered,1,6,0,75,22,405,often,good,450,0,0,0,0,110
1136,female,100000,delivered,1,6,0,75,22,405,not_often,good,450,0,0,0,0,110
1137,female,100000,delivered,1,6,0,75,122,405,often,fair,450,0,0,0,0,20
1138,female,100000,delivered,1,4,0,75,37,285,often,good,330,0,0,0,1,80
1139,female,60000,delivered,1,3,0,75,42,285,not_often,good,330,0,0,0,0,80
1140,male,105000,delivered,1,6,0,75,22,405,often,good,450,0,0,0,0,110
1141,male,100000,delivered,1,6,0,75,22,405,not_often,good,450,0,0,0,0,110
1142,female,85000,carried,1,6,0,75,22,330,not_often,good,380,0,0,0,0,90
1143,male,75000,delivered,1,4,0,75,32,285,not_often,fair,330,0,0,0,0,80
1144,male,75000,delivered,1,4,0,75,72,120,often,good,170,0,0,0,0,40
1145,male,75000,delivered,1,4,0,75,32,285,often,fair,330,0,0,0,0,80
1146,female,75000,delivered,1,3,0,75,42,285,often,good,330,0,0,0,0,80
1147,female,70000,delivered,1,5,0,75,72,165,often,good,210,0,0,0,0,50
1148,female,75000,delivered,1,4,0,75,37,285,often,good,330,0,0,0,0,80
1149,female,55000,delivered,1,3,0,75,42,285,often,good,330,0,0,0,0,80
1150,male,90000,delivered,1,6,0,75,17,405,not_often,good,450,0,0,0,0,110
1151,male,40000,delivered,1,4,0,75,62,120,not_often,fair,170,0,0,0,0,40
1152,female,40000,delivered,1,4,0,75,72,120,often,fair,170,0,0,0,0,40
1153,female,75000,delivered,1,4,0,75,32,285,often,fair,330,0,0,0,0,80
1154,female,105000,carried,1,6,0,75,32,330,often,fair,380,0,0,0,0,90
1155,male,105000,delivered,1,6,0,75,72,210,not_often,fair,260,0,0,0,0,60
1156,female,105000,delivered,1,3,0,75,42,285,not_often,fair,330,0,0,0,0,80
1157,female,105000,delivered,1,4,0,75,62,120,often,good,170,0,0,0,0,40
1158,female,105000,carried,1,6,0,75,17,405,often,fair,450,0,0,0,0,110
1159,female,65000,carried,1,5,0,75,42,165,not_often,good,210,0,0,0,0,50
1160,female,65000,delivered,1,5,0,75,42,165,not_often,fair,210,0,0,0,0,50
1161,female,90000,delivered,1,6,0,75,17,405,not_often,fair,450,0,0,0,0,110
1162,female,90000,delivered,1,6,0,75,17,200,often,good,250,0,0,0,0,100
1163,female,90000,delivered,1,6,0,75,17,360,often,good,410,0,0,0,0,100
1164,female,90000,delivered,1,3,0,75,42,285,often,good,330,0,0,0,0,80
1165,female,90000,delivered,1,4,0,75,32,285,often,fair,330,0,0,0,0,80
1166,female,90000,delivered,1,3,0,75,42,285,not_often,good,330,0,0,0,0,80
1167,female,80000,carried,1,4,0,75,32,285,often,good,330,0,0,0,0,80
1168,female,100000,delivered,1,6,0,75,122,285,not_often,fair,330,0,0,0,0,20
1169,female,100000,carried,1,6,0,75,17,250,not_often,good,300,0,0,0,0,100
1170,female,55000,delivered,1,3,0,75,42,285,often,good,330,0,0,0,0,80
1171,female,60000,delivered,1,3,0,75,42,285,often,fair,330,0,0,0,0,80
1172,female,75000,carried,1,4,0,75,32,180,often,fair,230,0,0,0,0,80
1173,female,80000,carried,1,4,0,75,32,285,often,fair,330,0,0,0,0,80
1174,female,80000,carried,1,5,0,75,42,165,not_often,fair,210,0,0,0,0,50
1175,female,80000,delivered,1,4,0,75,72,200,often,good,250,0,0,0,0,40
1176,female,80000,delivered,1,6,0,75,122,120,often,fair,170,0,0,0,0,20
1177,female,80000,delivered,1,4,0,75,32,285,not_often,fair,330,0,0,0,0,80
1178,female,80000,delivered,1,3,0,75,42,285,often,fair,330,0,0,0,0,80
1179,female,75000,delivered,1,4,0,75,72,120,not_often,good,170,0,0,0,0,40
1180,female,50000,delivered,1,4,0,75,72,300,not_often,good,350,0,0,0,0,40
1181,female,65000,delivered,1,5,0,75,42,165,often,fair,210,0,0,0,0,50
1182,female,45000,delivered,1,5,0,75,17,450,often,fair,500,0,0,0,0,120
1183,female,45000,carried,1,3,0,75,42,285,not_often,fair,330,0,0,0,0,80
1184,female,85000,delivered,1,6,0,75,17,360,often,fair,410,0,0,0,0,100
1185,female,50000,delivered,1,4,0,75,72,120,not_often,poor,170,0,0,0,0,40
1186,female,100000,delivered,1,6,0,75,47,210,often,good,260,0,0,0,0,60
1187,female,100000,delivered,1,4,0,75,32,285,often,fair,330,0,0,0,0,80
1188,male,100000,delivered,1,6,0,75,22,360,not_often,good,410,0,0,0,0,100
1189,female,100000,delivered,1,4,0,75,32,285,often,fair,330,0,0,0,0,80
1190,male,100000,delivered,1,5,0,75,42,165,often,fair,210,0,0,0,0,50
1191,female,100000,delivered,1,5,0,75,42,165,often,good,210,0,0,0,0,50
1192,male,100000,carried,1,4,0,75,32,285,not_often,good,330,0,0,0,0,80
1193,male,100000,delivered,1,4,0,75,7,570,not_often,fair,280,0,0,0,0,150
1194,male,45000,well,1,5,0,75,42,165,often,fair,210,0,0,0,0,50
1195,female,45000,delivered,1,6,0,75,72,120,not_often,good,170,0,0,0,0,40
1196,female,70000,delivered,1,5,0,75,92,120,often,fair,170,0,0,0,0,30
1197,male,90000,carried,1,6,0,75,22,360,not_often,fair,410,0,0,0,0,100
1198,female,65000,carried,1,5,0,75,72,165,often,fair,210,0,0,0,0,50
1199,male,105000,delivered,1,6,0,75,22,360,not_often,good,410,0,0,0,0,100
1200,female,100000,carried,1,6,0,75,72,360,not_often,good,410,0,0,0,0,20
